"Study.Num","replicate","Segment","WC","Analytic","Clout","Authentic","Tone","WPS","Sixltr","Dic","function.","pronoun","ppron","i","we","you","shehe","they","ipron","article","prep","auxverb","adverb","conj","negate","verb","adj","compare","interrog","number","quant","affect","posemo","negemo","anx","anger","sad","social","family","friend","female","male","cogproc","insight","cause","discrep","tentat","certain","differ","percept","see","hear","feel","bio","body","health","sexual","ingest","drives","affiliation","achieve","power","reward","risk","focuspast","focuspresent","focusfuture","relativ","motion","space","time","work","leisure","home","money","relig","death","informal","swear","netspeak","assent","nonflu","filler","AllPunc","Period","Comma","Colon","SemiC","QMark","Exclam","Dash","Quote","Apostro","Parenth","OtherP"
1,"0",1,12255,97.59,48.56,20.55,26.58,22.78,30.06,64.18,37.96,2.82,0.45,0.03,0,0,0.01,0.41,2.37,10.3,12.89,4.32,2.06,5.78,0.95,7.08,2.95,1.89,0.72,9.49,1.41,1.53,0.5,0.45,0.01,0.14,0.08,3.82,0.01,0,0.16,0.01,13.35,5.15,5.15,0.55,1.54,0.4,3.2,5.56,4.66,0.46,0.16,0.34,0.2,0.06,0,0.08,3.09,0.61,1.2,1.01,0.53,0.39,3.45,2.85,0.49,8.24,0.58,5.84,1.88,1.59,0.2,0.02,0.13,0.01,0,0.17,0,0.16,0.02,0.01,0,21.48,5.21,8.33,0.02,0.6,0.02,0,0.61,0.26,0.09,5.67,0.67
3,"0",1,15310,97.37,50.16,23.32,26.53,16.25,27.3,61.5,34.54,3.32,0.65,0.03,0.39,0.03,0,0.2,2.68,8.29,12.95,4.21,1.77,4.42,0.79,6.72,4.72,2.7,0.58,9.48,1.76,1.72,0.88,0.84,0.07,0.03,0.44,2.89,0.03,0.01,0.33,0.02,11.54,4.36,3.25,0.6,1.28,0.89,2.45,1.06,0.49,0.05,0.18,0.12,0.07,0.03,0,0.01,5.34,1.03,1.43,2.66,0.19,0.27,2.7,2.74,0.28,10.4,0.68,6.43,3.16,4.24,0.03,0.04,0.88,0.04,0.01,0.46,0,0.4,0.12,0.01,0,29.23,7.75,10.78,0.5,0.48,0.04,0,2.36,0.07,0.05,6.02,1.19
4,"0",1,4537,94.67,42.99,24.16,39.57,25.63,32.22,67.6,38.37,4.52,0.75,0,0.29,0,0,0.46,3.77,6.83,14.19,6,2.71,4.63,1.06,10.32,4.94,3.53,0.6,7.47,2.01,2.71,1.74,0.97,0.51,0.04,0.22,2.56,0,0,0.02,0.02,14.15,5.93,3.31,1.06,2.47,0.73,3.48,0.57,0.42,0.04,0,0.07,0,0,0,0.07,6.37,0.46,2.91,1.87,0.99,0.79,3.72,5.64,0.71,8.44,0.95,3.55,4.17,4.58,0.02,0,0.24,0,0,1.43,0.07,1.32,0,0.04,0,22.44,5.11,8.22,0.35,0.4,0,0,2.82,0.04,0.04,4.12,1.32
5,"0",1,4500,95.18,42.93,25.83,44.48,23.32,28.31,72.18,44.44,5.02,0.73,0,0.33,0,0.04,0.36,4.29,9.13,15.42,6.91,2.82,6.18,0.82,9.27,6.4,5.13,1.11,3.87,1.8,2.27,1.64,0.62,0.11,0.24,0.16,2.22,0,0.09,0.16,0,13.76,2.96,5.18,0.6,2.2,0.91,3.51,3.22,1.2,0,0.16,0.11,0.02,0.04,0,0.04,3.09,0.47,1.04,1.02,0.78,0.38,3.98,4.22,1.13,11.29,0.62,7.36,3.11,4.44,0.07,0.02,0.51,0,0,0.53,0,0.44,0,0.09,0,17.22,4.69,6.13,0.09,0.38,0.02,0,0.53,0.04,0.29,4.4,0.64
6,"1",1,10969,95.21,51.9,26.44,23.35,26.69,25.43,70.29,41.95,4.81,0.86,0.03,0.46,0,0.02,0.35,3.96,8.43,14.84,6.6,2.63,5.67,0.72,9.34,5.48,3.15,0.83,5.2,2.41,3.09,1.46,1.61,0.52,0.1,0.87,3.56,0,0,0.36,0.02,13.63,4.87,3.86,0.64,1.53,1.28,2.8,1.27,0.67,0.32,0.08,0.17,0.09,0.04,0.01,0.05,4.65,1.11,0.53,2.28,0.45,0.58,3.67,5.13,1.03,10.18,0.82,5.58,3.94,2.2,0.05,0.01,0.34,0,0.08,1.22,0.01,1.16,0.67,0.01,0,20.69,4.88,7.04,0.33,0.68,0.05,0,0.77,0.2,0.28,5.57,0.88
7,"0",1,5590,97.36,44.53,25.88,28.75,23.69,29.77,68.59,39.48,3.56,0.52,0.05,0.18,0,0,0.29,3.04,10.04,13.74,4.99,2.25,5.51,0.75,7.91,6.89,4.74,0.82,6.06,2.84,1.54,0.86,0.68,0.04,0.07,0.43,2.77,0,0.02,0,0,14.04,4.01,3.85,0.88,3.04,1.07,3.52,1.5,1.27,0.16,0,0.21,0.02,0.11,0,0.09,4.19,0.63,1.54,1.86,0.41,0.23,2.7,4.7,0.72,10.41,0.72,7.41,2.08,2.84,0.14,0.05,0.41,0.02,0.04,0.2,0,0.13,0.04,0.07,0,17.85,4.83,6.17,0.25,0.63,0.05,0,1.06,0.29,0.16,3.79,0.63
8,"0",1,14789,94.93,53.81,23.86,35.7,27.44,32.66,71.89,40.08,5.5,1.41,0.02,0.6,0.1,0.01,0.68,4.09,9.01,13.42,5.17,3.12,5.35,0.85,9.28,4.14,3.22,1.33,5.63,1.7,1.47,1,0.43,0.07,0.05,0.16,4.89,0.01,0.01,0.02,0.03,20.93,6.98,7.01,1.02,2.87,0.95,3.77,1.15,0.68,0.05,0.17,1.17,0.09,0.96,0.07,0.05,4.88,0.97,0.65,2.97,0.32,0.32,5.11,4.3,1.17,6.98,0.32,4.07,2.56,4.41,0.06,0.01,0.72,0.04,0.01,0.18,0,0.12,0.04,0.05,0,21.02,5.18,7.07,0.31,0.43,0.07,0,2.24,0.3,0.38,4.19,0.85
10,"1",1,5012,98.45,48.8,25.66,36.66,25.06,29.17,67.24,39.33,3.17,0.84,0,0.52,0,0,0.32,2.33,10.18,15.4,4.45,2.25,5.25,0.48,6.74,9.22,7.5,0.94,8,1.9,1.4,0.98,0.36,0.04,0.08,0.02,3.71,0,0,0.18,0,11.49,2.89,3.33,0.52,1.38,0.48,4.05,1.32,1,0.08,0.06,0.84,0,0.84,0,0,3.51,0.74,0.66,1.86,0.36,0.1,3.89,2.97,0.34,10.65,0.76,7.42,2.45,3.01,0.42,0.02,0.2,0.02,0,0.96,0,0.54,0.38,0.58,0,21.85,4.61,9.08,0.12,0.2,0,0,1.8,0.68,0.32,4.51,0.54
11,"1",1,9923,95.81,60.66,40.32,25.61,27.41,34.88,65.69,36.09,4.05,0.99,0,0.7,0,0.01,0.28,3.06,6.03,14.56,4.71,2.16,5.33,0.61,7.93,5.72,4.01,0.54,6.12,2.72,1.8,0.9,0.91,0.39,0.17,0.2,5.55,0.02,2.7,0.09,0.01,14.14,4.82,4.74,0.41,1.7,1.47,2.93,0.95,0.59,0.16,0.02,0.53,0.04,0.36,0,0.13,7.15,4.22,0.6,1.61,0.48,0.48,2.64,3.79,0.33,12.2,0.95,10.16,1.28,2.56,0.07,2.73,0.11,0,0.01,0.5,0,0.4,0.29,0.03,0,22.96,5.07,6.32,0.19,0.94,0.05,0,1.65,0.6,0.19,5.6,2.34
12,"0",1,4327,96.64,46.95,29.52,41.66,29.64,28.98,66,36.54,3.91,0.79,0,0.23,0,0,0.55,3.12,7.86,13.8,5.41,1.69,4.65,0.83,7.9,5.62,3.77,0.65,5.45,1.8,1.99,1.39,0.51,0.05,0.16,0.16,3.05,0,0.02,0.02,0.05,14.65,6.47,3.58,0.74,1.73,0.79,3.21,2.47,0.67,1.48,0.23,0.12,0.05,0.05,0,0.07,2.82,0.6,1.11,1.11,0.44,0.12,3.44,4.25,0.42,8.83,0.53,4.71,3.19,3.54,0.07,0,1.09,0,0,0.21,0,0.14,0.07,0,0,23.92,5.25,7.9,0.39,0.86,0,0,2.52,0.6,0.07,5.34,0.99
13,"1",1,7446,96.96,56.51,8.07,9.1,21.9,36.66,65.61,34.35,3.14,0.55,0.04,0.42,0,0.01,0.08,2.59,7.64,13.05,3.52,2.14,5.39,0.75,6.22,4.24,2.14,0.54,11.29,2.16,3.59,1.1,2.47,0.13,0.05,0.07,4.55,0.03,0.03,0.5,0.05,14.6,3.45,3.48,2.93,1.89,1.61,2.54,0.93,0.77,0.01,0.04,0.83,0,0.78,0,0.05,9.08,1.79,2.99,1.69,0.46,2.47,3.52,3.88,0.52,9.51,1.83,4.66,3.01,7.57,0.11,0.04,0.55,0,0,0.68,0,0.63,0.51,0.05,0,24.34,6.04,8.3,0.11,0.42,0.44,0,1.52,0.13,0.21,6.23,0.93
15,"1",1,8127,96.06,48.47,19.94,13.99,24.33,31.41,69.68,38.82,3.89,0.62,0,0.38,0,0,0.23,3.27,8.92,13.23,5.75,2.79,4.75,0.85,7.92,6.58,3.25,0.89,5.54,1.92,2.55,0.8,1.66,0.04,0.12,1.3,2.67,0.01,0.02,0.21,0,17.69,3.49,6.41,0.9,5.29,1.02,2.58,3.05,2.72,0.02,0.14,0.16,0.06,0.04,0,0.06,5.03,0.74,0.7,3.37,0.28,0.27,2.12,4.97,2.04,10.75,0.97,6.92,2.79,1.6,0.02,0.01,0.41,0,0,0.12,0,0.09,0.02,0.02,0,23,5.67,7.56,0.18,0.37,0,0,0.95,0.71,0.09,6.82,0.65
17,"1",1,13208,94.42,40.13,21.86,54.13,23.67,33.61,70.31,40.11,3.52,0.77,0.03,0.14,0.02,0.11,0.48,2.75,8.06,14.02,5.97,3.88,5.73,1.17,7.93,6.66,3.11,1.2,5.81,5.15,3,2.25,0.74,0.06,0.05,0.16,2.5,0,0.02,0.07,0.07,18.21,4.29,4.29,1.6,3.41,3.18,3.94,1.22,0.83,0.11,0.15,0.41,0.12,0.28,0,0.01,5.03,0.55,1.17,1.7,1.34,0.65,2.19,4.6,1.14,9.77,1.11,6.52,2.93,2.2,0.08,0.04,0.39,0,0.02,0.21,0,0.12,0.06,0.05,0,20.53,4.89,8.27,0.26,0.49,0.12,0,1.01,0.39,0.2,3.87,1.01
19,"0",1,13686,98.4,43.93,43.51,65.77,26.89,27.12,68.6,40.25,3.97,1.24,0.55,0.04,0.11,0,0.54,2.73,9.99,15.65,4.77,1.85,4.52,0.77,6.4,6.65,3.13,0.72,7.1,2.07,3.54,2.82,0.71,0.04,0.06,0.39,1.77,0.02,0,0.08,0,12.06,4.05,2.96,0.62,1.6,2.15,2.13,0.81,0.56,0.03,0.17,0.26,0.01,0.09,0,0.15,4.65,0.56,0.8,2.21,1.22,0.31,2.47,4.16,0.87,13.91,0.74,10.02,2.79,1.6,0.09,0.06,0.26,0,0,0.77,0,0.71,0.07,0.05,0,14.99,4.05,5.71,0.45,0.27,0.01,0,1.01,0.04,0.15,2.73,0.56
20,"0",1,4512,96.1,49.2,23.62,70.79,22.34,28.24,69.99,38.21,4.45,1.51,0,0.53,0.11,0,0.86,2.95,8.18,13.72,5.47,2.08,4.79,0.91,10.24,6.25,3.61,0.8,7.6,2.68,4.96,3.68,1.29,0.09,0.07,0.2,3.88,0,0.02,0,0,13.98,4.21,3.99,1.15,2.15,0.44,3.81,0.86,0.75,0,0.04,1.31,0.07,1.24,0,0,7.65,1.17,1.68,4.5,0.71,0.29,4.52,3.37,0.58,9.82,0.8,5.45,3.17,3.44,0.02,0,0.51,0,0,0.31,0,0.27,0.02,0.02,0,19.22,4.96,6.03,0.11,0.44,0.07,0,1.02,0.04,0.04,4.61,1.88
22,"0",1,7662,96.03,54.92,22.72,28.16,25.29,30.36,70.69,39.52,4.78,1.23,0,0.69,0,0.01,0.52,3.55,8.24,14.43,5.29,2.34,5.63,0.57,8.57,5.35,3.77,1.06,6.55,2.38,4.06,2.04,1.89,1.54,0.03,0.1,5.02,0.04,0.03,0.4,0.01,13.99,3.22,4.03,1.04,2.92,0.99,3.9,2.15,1.14,0.26,0.31,0.44,0.23,0.13,0.03,0.05,7.82,1.47,2.01,2,1.07,2.53,3.24,4.32,0.64,10.44,0.86,6.66,3.07,3.62,0.16,0.17,0.27,0,0,0.47,0,0.38,0.26,0.05,0,21.08,4.7,7.61,0.21,0.51,0.03,0,1.12,0.18,0.17,5.59,0.97
24,"1",1,7729,96.95,60.02,10.25,23.93,24.54,31.19,61.39,37.84,4.9,1.75,0,0.85,0.03,0.06,0.8,3.16,8.64,13.83,4.22,1.88,5.08,0.65,6.78,3.74,2.74,0.88,6.81,1.95,1.13,0.5,0.62,0.04,0.03,0.16,5.21,0.01,0.08,0.44,0.06,12.21,4.18,3.14,0.84,1.5,1.24,2.6,1.29,0.92,0.08,0.1,0.56,0.08,0.36,0,0.12,4.76,1.59,0.89,1.62,0.44,0.53,3.87,3.18,0.23,7.52,0.58,4.94,2.06,2.6,0.13,0.03,0.18,0.03,0,0.61,0.31,0.41,0.18,0.01,0,23.42,6.24,7.83,0.06,0.52,0.01,0,0.92,0.97,0.27,5.81,0.79
25,"1",1,5539,96.9,50.22,49.38,33.24,24.29,30.2,72.59,41.61,4.17,0.85,0.02,0.43,0,0.02,0.38,3.32,9.48,15.06,5.71,3.72,4.41,0.88,9.48,3.7,2.37,0.87,6.86,2.13,1.17,0.79,0.36,0.16,0.14,0,2.76,0,0,0.05,0.02,16.63,5.36,5.13,0.63,3,2.18,2.24,1.14,0.96,0.13,0.02,0.18,0.04,0.05,0.09,0,2.44,0.52,0.81,0.88,0.63,0.05,3.76,4.75,0.56,13.94,0.88,5.67,7.31,4.28,0.25,0,0.13,0.02,0,0.32,0,0.18,0.22,0.05,0,17.57,4.78,6.32,0.14,0.47,0.02,0,0.78,0.47,0.07,3.94,0.58
26,"1",1,10628,95.85,43.42,13.14,27.33,24.05,30.39,64.2,38.57,3.28,0.37,0,0.1,0,0,0.26,2.92,9.31,12.78,6.27,2.47,5.36,0.9,9.83,3.84,2.32,1.31,6.87,1.23,0.9,0.5,0.4,0.08,0.09,0.18,2.67,0,0.01,0.09,0,13.39,1.73,5.81,0.92,1.83,0.95,3.53,1.72,0.54,0.31,0.04,0.4,0.23,0.12,0,0.02,3.13,0.41,0.7,1.72,0.32,0.31,3.1,5.45,1.14,9.95,2.06,5.34,3.15,2.96,0.06,0.02,1.04,0,0.06,0.78,0,0.73,0.52,0.02,0,19.46,5.12,6.42,0.09,0.8,0.03,0,1.3,0.06,0.15,4.52,0.98
27,"1",1,14367,95.72,52.92,17.93,19.82,17.83,33.31,57.14,32.02,3.02,0.62,0.16,0.31,0.01,0,0.14,2.4,6.84,11.58,4.33,1.82,5.03,0.6,6.47,4.89,2.85,0.72,10.04,1.14,1.91,0.73,1.13,0.01,0.1,0.32,3.19,0.06,0.05,0.13,0.04,12.79,4.77,5.21,0.34,1.32,1.21,2.01,2.19,0.79,0.1,0.13,0.17,0.02,0.05,0.01,0.08,4.68,1.17,0.62,2.64,0.41,0.21,2.02,3.95,0.47,8.89,0.94,6.29,1.88,2.96,0.18,0.08,0.29,0.03,0.03,0.81,0.01,0.4,0.31,0.03,0,28.25,6.5,11.95,0.36,0.54,0.05,0,1.8,0.04,0.18,5.83,0.99
28,"0",1,4635,98.3,54.39,27.85,32.43,24.02,33.42,63.88,36.53,3.09,0.73,0,0.45,0,0,0.28,2.35,10.38,13.03,4.88,1.45,3.91,0.71,6.32,3.39,2.07,0.54,7.57,1.29,2.33,0.82,0.43,0.02,0.06,0.28,3.93,0,0,0.17,0,13.12,5.74,4.27,0.86,1.92,0.67,2.57,3.67,3.37,0.15,0.09,0.15,0.04,0.02,0.06,0.02,3.32,0.76,0.88,1.88,0.26,0.11,3,3.04,0.69,10.03,0.99,6.13,3.28,3.15,0.15,0,0.11,0,0,0.22,0,0.22,0.09,0,0,22.55,6,8.16,0.13,1.1,0,0,1.01,0.17,0.17,4.75,1.06
29,"1",1,5977,93.2,46.59,46.3,30.88,27.93,29.95,71.93,40.71,5.79,1.46,0.03,0.85,0,0,0.57,4.33,6.83,14.76,5.96,3.7,4.95,0.8,8.93,4.75,3.43,1.25,5.45,4.08,1.54,0.92,0.62,0.05,0.12,0.25,2.99,0,0.02,0,0,14.86,3.66,2.98,1.04,3.33,1.31,3.85,3.41,2.98,0.08,0.08,1.02,0.12,0.55,0.02,0.35,3.41,1.27,0.59,1.39,0.25,0.18,3.43,3.95,0.77,13.94,0.64,8.73,4.45,4.07,0.37,0.02,0.12,0.08,0,0.35,0.02,0.27,0.05,0.03,0,22.34,4.99,7.6,0.3,0.69,0.12,0,2.18,0.37,0.02,5.04,1.05
32,"1",1,13081,94.96,35.05,27,30.28,22.75,24.85,77.82,47.09,5.01,0.63,0.06,0.01,0.07,0,0.5,4.37,10.5,15.47,7.5,3.8,5.75,1.44,9.95,5.02,3.44,1.61,7.33,2.16,1.96,1.11,0.84,0.03,0.03,0.67,2.01,0,0,0,0.01,18.21,3.39,7.34,1.05,3.43,0.74,4.42,1.27,0.76,0.02,0.38,0.58,0.05,0.24,0,0.3,4.02,0.31,0.37,3,0.26,0.24,3.26,5.91,1.35,10.5,0.7,6.61,3.16,2.09,0.12,0.04,0.69,0,0,2.1,0,2.04,0.01,0.06,0,14.84,4.58,5.72,0.21,0.43,0.02,0,0.22,0.03,0.09,3.25,0.29
33,"1",1,14322,98.34,58.53,47.32,27.74,30.22,29.54,68.91,38.85,3.79,0.55,0.03,0.29,0.02,0,0.2,3.24,9.62,15.22,4.69,1.97,4.32,0.52,7.18,3.99,2.23,0.61,7.44,3.52,1.39,0.75,0.63,0.03,0.08,0.42,4.53,0,0,0.2,0.03,13.13,5.06,3.25,0.62,2.82,0.97,2.14,1.49,1.03,0.07,0.25,0.15,0.04,0.07,0,0.03,5.31,2.36,0.85,2.02,0.34,0.26,2.74,3.41,0.68,13.99,0.87,7.32,4.87,2.21,0.14,0.03,0.2,0.01,0,0.08,0,0.05,0.01,0.02,0,19.8,4.46,6.95,0.22,1.05,0.03,0,0.87,0.48,0.15,4.64,0.94
36,"1",1,13042,97.63,52.12,18.42,25.65,26.14,31.51,68.36,42.09,4.71,1,0,0.44,0,0,0.56,3.7,10.72,15.07,5.17,2.58,5.15,0.84,8.74,4.06,2.79,1.13,6.67,2.07,1.66,0.8,0.81,0.06,0.12,0.18,3.89,0,0.01,0.03,0,13.82,4.51,2.56,1.1,2.37,1.33,2.96,1.55,1.04,0.18,0.12,0.1,0.04,0.02,0,0.05,3.9,1.25,0.94,1.09,0.53,0.67,3.99,3.29,0.38,9.24,0.79,5.57,2.89,4.82,0.18,0.02,0.26,0.02,0,0.26,0.01,0.08,0.12,0.05,0,18.52,4.82,7.61,0.07,0.4,0.05,0,0.96,0.12,0.17,3.79,0.54
37,"1",1,7797,95.39,41.73,39.75,31,23.21,26.38,66.22,38.49,4.08,0.82,0,0.51,0,0.03,0.28,3.26,8.81,12.81,5.64,2.5,5,1.3,7.77,5.16,3.94,1.14,7.28,1.91,2.1,1.21,0.9,0.04,0.27,0.15,2.55,0.01,0.03,0.31,0.03,13.63,4.6,2.72,0.8,2.55,0.87,3.86,2.05,1.77,0.1,0.06,0.15,0.08,0.06,0,0.01,4.1,0.82,1.03,1.91,0.83,0.21,3.83,3.62,0.63,11.8,0.99,6.84,4.07,3.36,0.17,0.04,0.18,0,0,0.24,0,0.18,0.21,0.03,0,20.1,4.81,6.71,0.17,0.64,0.09,0,2.32,0.13,0.22,4.03,0.99
39,"0",1,14478,97.41,47.32,22.6,40.01,22.48,28.11,70.04,38.89,4.05,1.6,0.41,0.03,0.08,0.02,1.06,2.45,10.69,12.98,4.58,2.74,4.79,0.68,8.59,5.01,3,0.95,5.44,2.49,3.87,2.33,1.54,0.97,0.03,0.32,3.43,0.01,0.01,0.03,0.01,13.1,3.56,2.94,0.85,2.74,1.3,3.13,2.18,1.7,0.03,0.7,0.77,0.08,0.61,0.01,0.1,5.28,0.58,1.46,1.33,1.7,1.43,2.73,4.7,1.02,10.26,1.46,5.65,3.13,3.22,1.08,0.06,0.77,0.22,0.02,0.45,0,0.29,0.07,0.12,0,19.21,5.13,6.41,0.1,0.55,0.01,0,1.11,0.52,0.75,3.96,0.67
43,"0",1,14001,91.42,62.53,27.31,7.87,24.14,26.98,76.77,42.2,8.13,3.5,0.42,1.12,0.11,0.3,1.55,4.63,8.06,13.41,5.26,2.56,5.45,1.42,9.6,5.04,3.41,1.3,6.64,1.91,8.62,3.47,5,0.65,2.98,1.09,8.21,0.01,0.12,0.13,0.34,17.23,5.86,3.54,1.41,2.36,1.31,4.35,1.77,0.89,0.21,0.29,0.42,0.14,0.12,0.08,0.08,10.23,2.08,1.09,6.4,0.76,0.8,3.65,4.16,1.11,8.46,1.11,5.24,2.12,3.04,0.74,0.06,0.21,0.96,0.04,0.35,0.06,0.2,0.09,0.03,0,26.3,4.72,8.84,0.45,0.21,0.13,0,1.66,0.98,0.72,5.83,2.76
44,"1",1,13288,92.77,56.13,33.51,27.4,19.77,32.2,76.39,40.08,5.97,2.04,0.01,0.89,0.07,0,1.08,3.93,7.64,13.33,5.73,2.81,5.62,0.89,8.56,5.98,3.8,0.94,4.46,2.49,3.26,1.66,1.56,0.7,0.14,0.27,5.76,0.02,0.02,0.2,0.08,18.85,4.81,3.39,1.05,3.38,3.52,4.28,2.86,2.4,0.05,0.35,1.07,0.48,0.29,0.01,0.33,6.22,2.05,0.78,2.65,0.65,0.56,3.63,4.15,0.81,10.4,0.83,7.71,1.78,3.73,0.33,0.03,0.28,0.05,0.01,0.22,0,0.16,0.04,0.03,0,17.8,5.43,6.53,0.09,0.27,0.05,0,1.2,0.44,0.16,2.83,0.81
46,"1",1,13171,96.16,54.42,47.68,38.46,27.44,30.09,71.49,37.78,4.02,1.06,0.08,0.49,0.02,0.01,0.46,2.96,6.07,15.87,4.71,3.04,5.27,0.6,6.97,7.93,4.55,0.63,7.43,2.84,2.9,1.81,1.09,0.18,0.03,0.17,5.1,0.09,0.02,0.18,0.2,13.8,4.41,2.44,0.93,1.78,1.48,3.83,0.92,0.71,0.08,0.11,0.1,0.05,0.05,0,0,8,1.15,1.22,4.39,1.05,0.76,2.75,3.93,0.56,13.27,0.69,7.07,5.52,3.37,0.11,0.08,0.11,0,0,0.4,0,0.14,0.13,0.14,0,21.22,4.53,7.1,0.11,0.96,0.1,0,2.61,0.43,0.49,4,0.89
48,"0",1,16535,95.4,80.74,20.2,37.43,27.11,33.12,74.79,38.57,6.01,2.32,0.1,0.67,0.3,0.18,1.08,3.69,7.21,14.67,4.05,2.53,5.31,0.85,7.35,4.54,3.2,1.16,5.72,1.61,4.61,2.61,1.95,1.06,0.31,0.24,11.98,1.89,0.8,1.16,0.24,13.29,4.3,3.14,0.92,2.07,1.37,3.31,1.23,0.74,0.07,0.31,0.56,0.06,0.34,0.04,0.09,10.74,4.67,1.03,3.14,1.28,1.26,3.53,3.72,0.48,9.39,1.29,5.29,2.8,3.94,0.25,0.05,0.22,0.07,0.93,0.27,0.01,0.13,0.05,0.08,0,22.64,5.12,8.04,0.16,0.77,0.09,0,1.46,0.45,0.76,4.84,0.95
49,"0",1,10970,94.88,55.32,35.15,51.16,22.57,32.26,74,39.7,4.78,1.38,0.04,0.47,0.25,0.04,0.58,3.39,7.68,14.36,5.92,2.22,6.18,0.57,9.18,6.31,4.13,0.82,4.41,2.13,3.18,2.22,0.87,0.14,0.15,0.17,4.89,0.01,0.01,0.1,0.08,15.49,4.14,4.79,1.75,3.04,0.98,3.66,1.2,0.66,0.08,0.28,0.77,0.24,0.18,0,0.35,6.83,0.77,3.31,2.08,2.19,0.74,3.88,3.49,1.31,12.67,4.17,4.86,3.79,5.06,0.39,0.04,0.17,0.06,0,0.13,0,0.06,0.01,0.05,0,20.97,5.54,7.15,0.54,0.36,0.09,0.01,0.89,1.38,0.15,3.17,1.69
52,"0",1,14703,94.59,60.89,30.47,41.64,22.52,34.39,71.96,38.98,4.62,1.96,0.03,0.82,0.08,0.1,0.92,2.67,7.29,14.3,4.71,2.96,6.05,1.23,8.05,6.16,3.33,1.1,6.54,1.61,5.22,2.71,1.84,0.52,0.2,0.77,6.18,0.01,0.04,0.08,0.14,16.51,6.39,4.45,0.94,2.26,1.53,3.05,2.71,0.64,0.37,0.8,1.76,0.96,0.34,0.12,0.54,4.94,1.24,0.97,1.23,1.41,0.54,4.07,2.73,0.63,9.49,1.57,5.11,2.85,3.52,0.96,0.03,0.16,0.11,0.01,0.17,0,0.08,0.05,0.04,0,21.93,4.94,8.43,0.07,0.32,0.05,0,0.7,1.71,0.29,4.73,0.68
53,"0",1,9878,94.3,57.32,23.24,10.54,25.86,33.31,64.98,33.28,4.59,1.4,0.03,0.67,0,0.01,0.69,3.19,5.35,12.83,4.63,1.76,4.43,1.11,6.77,5.91,2.63,0.82,6.24,1.81,3.68,1.24,2.44,0.16,0.91,1.16,5.58,0,0.03,0.25,0.03,14.32,3.58,5.64,0.88,1.45,1.09,3.26,2.01,1.75,0.09,0.05,0.69,0.52,0.08,0.04,0.05,9.5,1.62,1.54,5.61,0.74,0.37,3.29,3.14,0.65,10.63,0.94,7.91,1.84,4.32,0.1,0.01,0.33,0.04,0,0.18,0,0.08,0.04,0.06,0,26.06,5.21,7.67,0.25,0.62,0.01,0,4.24,0.22,0.29,5.78,1.75
55,"0",1,11594,94.85,51.31,41.66,47.63,24.15,37.86,69.9,37.53,5.42,1.5,0.04,0.34,0.01,0.38,0.73,3.92,7.75,12.97,5.36,1.91,4.49,1.19,9.89,4.07,2.69,0.88,5.36,1.56,3.5,2.29,1.11,0.28,0.09,0.39,5.03,0.01,0.03,0.24,0.22,15.69,4.3,5.41,1.04,1.73,1.18,3.81,1.35,0.56,0.49,0.15,0.69,0.41,0.22,0.03,0.09,4.81,0.69,1.27,1.6,1.16,0.41,4.99,3.83,1.13,12.99,3.36,6.45,2.64,3.52,0.24,0.09,0.1,0.02,0.05,0.24,0,0.16,0.03,0.07,0,21.81,4.78,7.62,0.08,0.53,0.03,0,3,0.35,0.22,4.24,0.97
56,"0",1,11345,95.72,75.67,13.32,10.75,16.54,30.82,72.34,39.69,7.04,2.65,0.06,1.18,0.04,0.04,1.34,4.39,8.98,13.51,5.02,2.43,3.97,0.42,8.29,4.84,2.67,1.22,7.79,1.44,7.29,2.22,3.4,0.31,1.49,1.38,8.43,0,0,0.04,0.04,13.63,4.78,4.78,1.18,1.98,0.76,2.2,1.15,0.64,0.04,0.13,0.11,0.05,0.03,0,0.03,8.15,2.41,1.61,3,0.53,0.94,3.01,3.56,0.93,8.51,0.92,5.76,1.82,1.82,0.32,0.01,2.43,0,0,0.63,0,0.57,0.16,0.02,0,28.54,7.25,7.92,0.51,0.5,0.07,0,0.95,0.19,0.99,5.78,4.37
58,"0",1,17788,88.67,81.28,16.55,4.87,27.79,34.04,75.8,40.04,8.45,3.51,0.29,0.85,0.1,0.67,1.6,4.93,5.99,13.47,4.72,3.04,5.91,0.91,8.51,4.24,2.43,1.3,5.66,1.41,8.24,3.05,5.07,4,0.26,0.61,12.1,0.01,1.88,0.38,0.43,15.86,5.59,3.2,0.88,3.37,1.42,2.97,2.11,0.68,0.1,0.57,1.47,0.01,0.13,0.01,1.32,10.77,3.99,0.52,4.35,0.62,1.64,2.88,4.74,1.34,7.88,1.09,4.43,2.3,2.05,1.26,0.05,0.12,0.16,0,0.4,0,0.21,0.16,0.02,0,21.5,4.13,7.29,0.1,0.87,0.04,0,1.39,0.91,1.42,4.44,0.93
59,"1",1,18408,92.87,83.8,21.95,69.49,24.48,36.04,74.45,40.1,7.35,3.05,0.3,0.91,0.14,0.44,1.27,4.3,6.54,14.4,5.33,2.41,5.04,0.78,9.14,3.57,2.13,1.27,4.21,1.68,4.13,3.12,0.8,0.26,0.1,0.25,12.38,0.15,3.08,0.3,0.28,16.16,6.55,3.4,1.36,2.98,1.4,2.48,3.4,0.53,0.05,0.43,0.4,0.06,0.07,0.06,0.18,9.96,6.39,1.18,1.44,1.22,0.49,3.29,4.81,1.45,8.83,0.91,5.47,2.46,3.48,0.39,0.04,0.16,0.06,0.01,0.42,0,0.27,0.09,0.07,0,21.76,4.66,6.71,0.1,0.58,0.06,0,1.54,0.99,2.13,4.23,0.75
61,"0",1,6534,93.47,61.45,44.01,32.61,23.59,34.02,77.09,39.93,5.79,1.87,0.06,0.81,0.11,0.06,0.83,3.92,7.51,13.67,5,2.72,5.74,1.24,7.27,6.86,3.47,0.72,5.42,2.13,6.61,2.72,2.33,0.26,0.2,1.01,6.08,0.14,0.08,0.06,0.24,12.23,3.67,3.46,0.93,1.52,1.3,2.79,3.4,0.99,0.05,0.29,0.95,0.14,0.75,0.03,0.06,6,1.48,1.52,1.91,1.29,0.14,3.15,3.6,0.8,14.57,1.53,7.16,6.14,2.92,0.23,0.05,0.17,0.02,0.05,0.31,0,0.2,0.05,0.06,0,20.52,4.3,8.78,0.47,0.49,0.15,0,1.56,0.46,0.32,3.4,0.58
63,"0",1,9980,96.56,56.57,11.64,23.12,20.75,28.64,69.19,37.26,4.99,1.09,0.2,0.02,0.01,0.15,0.71,3.9,8.22,13.6,4.6,1.86,4.46,0.86,7.1,5.43,2.87,0.96,6.09,2.2,2.69,1.25,1.42,0.39,0.32,0.22,5.66,0.01,0.07,0.24,0.15,12.52,3.15,2.98,0.91,3.26,1.31,2.96,3.78,2.25,1.13,0.23,0.49,0.37,0.07,0.01,0.05,6.42,1.17,1.83,2.05,0.52,1.03,2.8,4.06,0.83,8.6,1.01,5.41,2.33,5.51,0.75,0.1,0.27,0.02,0.01,0.27,0.02,0.21,0.04,0.02,0,22.69,5.62,6.84,0.21,0.56,0.05,0,1.64,0.16,0.53,4.97,2.09
64,"0",1,17380,95.61,58.42,36.17,27.21,26.74,32.01,68.27,39.56,5.47,2.07,0.09,1.06,0.02,0.18,0.71,3.41,8.1,14.23,4.86,2.16,5.74,0.66,7.96,5.55,3.89,0.98,5.98,1.69,1.95,0.97,0.89,0.08,0.29,0.41,5.66,0,0.02,0.14,0.12,14.34,4.55,4.38,1.06,2.16,0.62,3.86,1.28,0.85,0.03,0.12,0.54,0.11,0.34,0,0.18,5.17,1.55,0.85,2.27,0.68,0.21,3.86,3.04,0.9,11.62,0.73,8.3,2.52,2.55,0.54,0.04,0.19,0.05,0.01,0.14,0.01,0.06,0.03,0.05,0,22.49,5.07,8.67,0.33,0.62,0.06,0,0.93,0.33,0.16,5.51,0.81
65,"0",1,15535,91.28,74.31,19.45,17.37,21.14,32.77,73.93,38.54,6.6,3,0.17,1.12,0.17,0.11,1.42,3.6,6.2,13.53,5.23,2.8,5.59,0.98,9.08,6.36,4.31,1.31,7.75,2.45,7.74,3.08,3.66,0.21,2.52,0.24,9.58,0.03,0.04,0.36,0.42,15.04,5.63,2.2,1.31,3.04,1.38,3.19,1.56,0.86,0.06,0.29,0.27,0.09,0.1,0.01,0.08,7.61,2.5,1.9,2.24,0.78,0.44,4.07,3.47,1.45,8.25,0.81,5.3,2.08,3.36,0.16,0.03,0.13,0.14,0.08,0.37,0.01,0.23,0.08,0.06,0,23.13,5.19,8.24,0.41,0.74,0.23,0.01,0.86,0.62,0.56,5.32,0.97
68,"0",1,13207,80.46,62.34,19.15,25.29,27.23,28.14,78.47,45.29,9.37,3.16,0.05,0.76,0.05,0.53,1.78,6.22,7.87,11.65,6.91,3.33,6.24,2.14,12.49,3.77,2.92,1.91,5.63,1.77,2.71,1.33,1.36,0.27,0.23,0.49,8.5,0.04,0.01,0.36,0.3,16.98,4.56,4.05,1.45,4.14,1.17,3.96,1.48,0.45,0.05,0.35,0.87,0.6,0.18,0,0.11,5.51,1.33,0.81,2.04,1.18,0.67,5.16,5.17,2.05,9.18,2.33,3.94,3.32,2.97,0.23,0.02,0.37,0.42,0.05,0.31,0.01,0.2,0.1,0.02,0,18.05,3.99,6.79,0.16,0.39,0.16,0.01,0.64,0.92,0.73,3.76,0.52
69,"1",1,12444,92.2,67.27,20.24,70.81,27.96,31.82,73.89,37.81,5.45,1.27,0.03,0.67,0,0.13,0.44,4.18,6.14,13.24,5.54,2.48,5.6,0.93,8.33,4.85,3.26,1.07,5.96,2.66,6.69,3.96,1.57,0.59,0.34,0.43,8.41,0.02,0.06,0.47,0.35,14.89,5.07,2.33,0.87,3.38,1.38,3.63,1.84,1.04,0.09,0.13,1.97,0.45,0.11,0.01,1.41,7.24,1.69,3.09,2.35,0.47,0.26,3.28,4.28,1.01,8.26,0.66,5.75,1.91,3.18,1.6,0.05,0.12,0.03,0,0.17,0,0.05,0.02,0.1,0,25.3,4.4,9.06,0.18,0.78,0.06,0,1.66,0.56,0.35,6.28,1.97
71,"0",1,15281,96.16,54.06,17.27,18.97,24.53,30.55,70.06,40.1,4.44,0.98,0.07,0.35,0.1,0.05,0.41,3.46,9.68,13.23,5.84,2.89,4.44,0.99,9.73,4.64,3.03,0.84,8.54,3.23,3.61,1.56,2.02,0.34,0.33,0.56,4.69,0,0.01,0.09,0.09,14.25,4.46,3.18,1.61,2.37,1.51,3.08,0.87,0.73,0.02,0.07,0.4,0.06,0.29,0.01,0.07,7.24,1.54,1.82,2.21,1.03,1.33,3.94,4.81,0.76,9.4,0.96,6.18,2.3,3.42,0.33,0.01,0.53,0.09,0.02,0.33,0,0.22,0.1,0.01,0,22.92,4.24,7.25,0.32,1.08,0.09,0.01,1.41,0.86,0.16,5.57,1.94
72,"0",1,14554,95.62,65.09,27.42,86.93,25.27,34.06,74.04,37.5,3.69,1.09,0.02,0.38,0.01,0,0.67,2.6,7.53,14.2,5,3.38,5.44,0.76,8.23,6.2,3.35,1.07,6.65,1.92,10,6.73,3.18,0.04,1.94,0.67,7.71,0.03,0.03,0,0,14.39,5.14,4.02,1.39,2.08,0.89,3.45,0.98,0.58,0.1,0.05,0.76,0.03,0.52,0.01,0.21,9.33,2.41,1.57,5.17,0.4,0.16,3.59,3.29,0.87,10.18,1.1,5.85,3.31,3.06,0.19,0.1,0.16,0.1,0,0.4,0,0.34,0.01,0.05,0,21.6,5.05,8.09,0.23,0.65,0.03,0,0.75,0.14,0.45,5.48,0.74
73,"1",1,9550,90.64,68.86,15.63,63.29,26.75,34.28,72.72,41.64,8.09,3.63,0,0.85,0.07,0.16,2.55,4.46,7.07,13.73,5.71,2.73,5.58,0.7,8.52,6.04,4.46,1.28,5.02,4.43,3.77,2.79,0.81,0.23,0.27,0.08,9.03,0,0.09,0.08,0.08,12.95,2.96,1.7,1.4,2.87,1.24,4.32,1.83,0.71,0.37,0.29,1.78,0.04,1.13,0,0.61,7.13,3.33,1.03,1.97,0.85,0.26,3.45,3.91,0.76,9.21,0.7,6.96,1.43,3.43,0.82,0.22,0.22,0.01,0.03,0.25,0,0.05,0.08,0.12,0,19.64,4.88,6.54,0.17,0.48,0.05,0,0.99,0.44,0.58,4.72,0.79
77,"0",1,6322,95.79,60.55,35.14,50.57,29.4,32.54,79.61,41.54,6.99,2.44,0.27,0.09,0,0.22,1.85,4.56,9.17,14.36,3.91,2.64,5.95,0.35,6.82,4.4,2.66,1.82,3.91,2.63,3.07,2.07,0.74,0.17,0.02,0.41,7.02,0,0.24,0.13,0.11,13.89,4.02,3.08,0.96,2.44,2.01,3.83,1.06,0.32,0.03,0.17,1.2,0.09,0.47,0.03,0.7,11.83,0.81,7.56,3.12,4.63,0.51,1.98,5.09,0.78,11.78,2.45,5.3,3.99,9.54,0.68,0.05,0.54,0.11,0.02,0.05,0,0.03,0.02,0,0,18.08,4.18,7.48,0.13,1.11,0.09,0,0.05,0.32,0.46,2.85,1.42
80,"0",1,12776,94.84,74.24,23.61,49.83,27.01,31.21,70,39.43,7.08,3.12,0.32,1.26,0.12,0.06,1.36,3.96,7.74,14.06,4.7,2.42,4.56,0.71,8.59,4.12,2.72,1.39,6.29,2.32,3.37,2.28,0.99,0.13,0.24,0.31,9.02,0.02,0.11,0.28,0.06,13.66,4.44,3.58,1.05,2.07,1.3,2.86,0.99,0.63,0.13,0.12,0.88,0.17,0.35,0.16,0.44,7.44,2.42,1.55,2.67,1.2,0.45,3.72,3.67,0.85,10.18,1.68,5.93,2.72,3.35,0.23,0.05,0.09,0.07,0.01,0.31,0,0.2,0.09,0.03,0,22.61,4.57,6.97,0.18,0.49,0.07,0.05,3.28,0.44,0.59,5.02,0.95
81,"0",1,13882,96.56,74.29,15.53,20.13,29.04,32.22,73.94,40.97,6.84,2.97,0.37,0.63,0.03,0.17,1.77,3.87,8.69,15.07,4.82,1.53,5.02,0.53,8.08,4.79,3.69,0.88,8.37,1.34,5.37,2.48,2.85,0.26,0.45,0.27,9.39,0.01,0.51,0.18,0.14,13.35,5.79,2.96,1.22,1.74,0.39,2.64,2.2,0.81,0.04,0.33,0.42,0.06,0.13,0.01,0.19,10.17,4.2,1.48,4.31,0.61,0.22,3.98,3.23,0.64,7.5,1.19,4.61,1.97,3.89,0.32,0.01,0.19,0.71,0.01,0.3,0,0.24,0.01,0.05,0,22.1,4.29,8.64,0.32,0.49,0,0,0.71,0.2,1.09,6.03,0.32
82,"0",1,1209,92.25,71.59,11.56,76.27,22.39,34.08,73.12,34.82,4.47,1.99,0,1.32,0,0.17,0.5,2.48,5.13,13.15,4.8,2.65,6.29,0.66,7.69,4.3,2.73,0.91,7.69,2.56,3.72,3.23,0.5,0,0.33,0.17,7.36,0.08,0,0.41,0.33,11.83,4.8,3.39,0.25,1.32,0.5,2.32,2.07,1.41,0,0.33,1.24,1.16,0,0,0.08,12.82,2.07,3.47,7.28,2.65,0.25,3.72,3.8,0.58,7.11,0.66,4.38,2.07,10.84,0.17,0.08,2.73,0,0,1.32,0,1.16,0,0.17,0,26.96,5.29,9.76,0.25,0.5,0.25,0,1.24,0.17,2.23,5.62,1.65
84,"1",1,11189,95.88,49.75,48.29,33,28.47,37.88,71.38,38.39,4.33,1.48,0,0.41,0.08,0.13,0.87,2.85,7.93,13.95,4.95,2.53,5.33,0.9,7.7,4.9,3.28,1.22,7.44,2.99,2.42,1.4,0.98,0.27,0.53,0.14,4.63,0.13,0.04,0.09,0.24,20.56,10.65,2.99,2.14,2.53,0.69,4.28,1.14,0.97,0.07,0.04,0.46,0.13,0.27,0.08,0.09,3.58,0.78,0.94,1.73,0.46,0.4,3.13,3.93,0.51,8.08,0.88,4.94,2.18,3.49,0.06,0.05,0.4,0.02,0.07,0.21,0,0.11,0.02,0.08,0,22.54,4.79,7.16,0.39,0.76,0,0,2.73,0.29,0.46,5.13,0.83
86,"0",1,11849,94.39,63.77,22.41,24.96,26.57,37.98,69.31,35.64,4.41,1.7,0.01,0.57,0.01,0.08,1.03,2.72,6.35,13.15,5.27,2,5.07,0.97,7.9,4.59,2.84,0.92,5.98,1.82,3.49,1.57,1.62,0.57,0.72,0.57,6.51,0.01,0.03,0.07,0.1,15.35,6.85,3.71,1.25,1.68,0.98,2.59,1.64,1.11,0.02,0.31,0.74,0.13,0.26,0.09,0.45,7.59,0.99,1.33,4.95,0.41,0.92,4.08,3.3,0.6,8.32,1.07,4.95,2.43,5.78,0.4,0,0.24,0.03,0,0.24,0,0.14,0.02,0.08,0,25.05,5.48,8.29,0.35,0.96,0.03,0,2.36,0.34,0.35,6.14,0.74
87,"0",1,12523,91.46,68.11,15.97,9.48,24.18,33,74.84,41.12,6.86,2.23,0.23,0.42,0.13,0.16,1.29,4.63,7.56,13.5,6.08,2.83,5.46,1.14,9.18,4.88,2.98,1.14,5.89,1.78,4.13,1.39,2.72,1.75,1.83,0.07,8.54,0.01,0.98,0.18,0.24,13.58,3.83,2.91,1.45,2.83,1.17,2.99,2.35,1.83,0.06,0.2,0.48,0.18,0.09,0.02,0.05,8.02,3.08,1.29,2.64,1.37,1.52,4.12,3.27,1.55,9.57,0.86,6.09,2.57,4.62,0.22,0.1,0.28,0.02,0.01,0.3,0.02,0.23,0.02,0.03,0,19.58,4.44,7.11,0.14,0.31,0.03,0.01,1.49,0.76,0.49,3.83,0.97
89,"1",1,15715,93.16,73.69,27.1,87.77,30.16,33.48,79.5,39.48,6.54,2.47,0.37,0.7,0.04,0.25,1.11,4.07,7.23,13.42,4.94,2.56,5.28,0.99,8.52,6.23,3.26,1.25,4.84,2.27,5.5,4.48,0.85,0.18,0.06,0.18,10.83,0.08,1.96,0.87,0.9,14.71,4.02,1.87,2.51,3.3,1.59,3.76,1.11,0.67,0.12,0.19,2.03,0.1,0.94,0.97,0.02,10.68,5.57,2.23,1.88,1.72,0.17,3.03,4.18,1.91,11.95,0.97,6.31,4.73,3.3,0.18,0.06,0.29,0.01,0,0.83,0.11,0.53,0.24,0.06,0,23.15,3.9,5.94,0.29,0.47,0.06,0.01,3.47,1.29,0.76,5.54,1.44
93,"0",1,21346,94.83,81.11,18.74,13.62,23.8,34.77,74.06,35.48,5.6,2.84,0.28,0.86,0.06,0.2,1.44,2.76,6.99,12.83,3.17,2.71,5.18,0.84,5.72,4.31,2.34,1.06,5.68,1.52,7.27,3.12,4.02,1.75,0.47,1.52,11.52,0.06,1.22,0.12,0.15,13.55,3.79,3.87,1.68,1.99,1.58,2.48,1.44,0.38,0.05,0.62,0.62,0.04,0.41,0,0.15,14.62,3.74,2.35,4.54,3.16,2.76,2.16,2.77,1.5,11.01,1.54,6.65,2.86,4.11,0.18,0.03,0.15,0.03,0.02,0.17,0.02,0.08,0.06,0,0,22.78,5.02,7.14,0.03,0.25,0.11,0,2.93,0.47,0.74,5.5,0.59
94,"1",1,14218,92.59,58.78,16.86,39.61,25.39,32.41,72.75,38.25,4.9,1.62,0.3,0,0,0.06,1.26,3.28,7.53,12.46,6.11,2.95,5.04,1.23,9.83,4.94,3.36,0.68,6.65,1.81,4.02,2.27,1.5,0.37,0.2,0.53,6.51,0,0.03,0.08,0.12,14.91,5.36,4.66,1.5,1.85,1.19,2.72,1.27,0.61,0.32,0.15,0.16,0.05,0.09,0.01,0.05,7.28,0.28,3.79,1.96,1.37,1.02,5.2,4.26,1.24,8.41,1.15,4.28,2.97,7.67,0.11,0.01,0.38,0.01,0.01,0.3,0.03,0.03,0.08,0.16,0,23.55,4.8,8.26,0.11,0.98,0.01,0,2.48,0.35,0.11,5.04,1.42
97,"0",1,11523,91.69,68.8,9.94,48.65,22.2,36.16,66.99,37.66,6.03,2.44,0.16,1.21,0.11,0.02,0.93,3.59,6.96,12.31,5.81,2.45,5.35,0.75,8.16,4.26,2.32,1.48,6.14,2,4.66,2.91,1.67,0.75,0.82,0.65,7.67,0.02,0.06,0.1,0.07,13.25,2.97,2.85,1.65,3.53,0.88,3.18,2.19,1.64,0.03,0.22,0.3,0.1,0.1,0.05,0.04,8.24,2.85,1.02,3.05,0.55,1.83,3.62,4.2,1.76,8.63,0.8,5.63,2.26,3.81,0.16,0.04,0.23,0.04,0,0.14,0,0.03,0.06,0.04,0,20.01,4.88,6.73,0.33,0.44,0.09,0,1.15,0.55,0.89,4.36,0.62
104,"0",1,2962,95.18,61.18,36.56,59.67,23.14,29.57,70.22,38.08,5.03,1.76,0.03,0.88,0.2,0.03,0.61,3.27,7.19,14.28,5.57,2.4,5.17,0.51,9.08,6.58,5.13,1.28,7.63,2.5,2.36,2.06,0.27,0,0,0,5,0,0.03,0,0.03,12.96,3.78,3.81,1.65,2.26,0.3,2.7,2.94,1.05,0.07,0.34,0.57,0,0.37,0,0.24,4.39,1.15,1.32,1.69,0.91,0.37,3.17,4.25,1.35,14.11,1.49,7.36,5.44,3.71,0.03,0,0.64,0.03,0,0.17,0,0.14,0.07,0,0,22.82,5.23,6.99,0.78,0.1,0.14,0,0.54,0.74,0.24,4.76,3.31
106,"0",1,4707,93.5,63.71,44.02,28.25,26.01,26.98,71.02,39.43,5.86,2.27,0.19,0.87,0.15,0.04,1.02,3.59,8.43,12.51,4.59,2.68,6.2,0.89,8.63,5.35,3.27,1.19,7.92,1.72,1.42,0.72,0.57,0.02,0.08,0.23,7.31,0.02,0.02,0.13,0,13.28,3.55,2.76,0.55,2.51,1.59,3.74,3.55,2.78,0.45,0.23,0.28,0.11,0.11,0,0.06,5.37,1.34,1.08,3.44,0.21,0.25,4.8,3.46,0.64,13.21,0.55,9.41,3.29,2.8,0.23,0.04,0.11,0.02,0,0.3,0,0.19,0,0.11,0,27.62,4.91,8.54,0.3,0.38,0.15,0.04,1.66,1.66,2.15,5.08,2.76
107,"0",1,3951,94.36,63.66,30.08,50.32,20.79,30.73,74.74,40.65,6.58,2.25,0,0.78,0.08,0,1.39,4.33,8.5,13.46,6,2.46,4.28,0.94,11.06,3.52,2.15,1.37,6.53,1.47,1.87,1.59,0.28,0.03,0.08,0.13,6.28,0,0.03,0.08,0.05,16.93,5.9,4.78,0.58,2.51,2.35,2.71,1.9,1.37,0.05,0.1,0.48,0,0.13,0.05,0.33,7.59,1.59,3.67,2.08,2.1,0.13,5.11,4.35,0.58,9.85,0.89,6.05,2.99,7.49,0.2,0.1,0.33,0.03,0,0.28,0,0.15,0.15,0.03,0,24.78,5.69,8.53,0.28,0.76,0.13,0,1.82,0.86,1.7,3.59,1.42
110,"0",1,4269,95.24,60.63,16.01,62.2,28.65,31.32,71.52,37.08,4.31,1.55,0.37,0.47,0,0.19,0.52,2.76,6.65,14.24,5.27,2.76,4.68,0.98,7.8,6.3,4.15,0.54,5.88,2.34,4.73,3.19,1.26,0.07,0.09,0.8,7.61,0,0.37,2.3,1.64,15.91,4.45,3.82,1.03,2.9,1.29,4.03,2.58,1.43,0.02,0.05,2.25,0.09,0.21,1.94,0.05,4.4,1.52,0.66,1.38,0.89,0.23,2.6,3.91,0.73,7.4,0.87,4.33,1.94,2.44,0.16,0.05,0.14,0,0,0.66,0,0.59,0.16,0.05,0,21.15,4.1,6.42,0.33,0.54,0.05,0,1.9,0.19,1.55,4.87,1.22
111,"1",1,3975,98.14,44.3,13.8,49.66,25.98,26.36,65.11,37.13,3.77,0.98,0,0.45,0.08,0,0.45,2.79,10.36,13.43,4.58,1.81,4.33,0.5,6.82,5.01,3.52,0.55,12.25,1.99,2.62,1.94,0.65,0.18,0.08,0.35,2.72,0.03,0,0,0,15.65,3.07,5.13,1.01,1.48,2.59,4.18,0.68,0.35,0,0.13,0.43,0,0.28,0,0.15,5.08,0.86,1.16,3.07,0.68,0.15,3.27,2.79,0.81,8.23,0.78,5.23,2.24,1.51,0.7,0.5,1.41,0.03,0.03,0.55,0,0.55,0,0,0,22.62,4.4,8.5,0.13,0.13,0.13,0,1.91,0.45,0.55,5.46,0.96
112,"1",1,1078,95.55,54.44,34.15,85.69,22,31.08,65.86,34.14,4.17,1.48,0,0.74,0.19,0.28,0.28,2.69,6.96,12.43,4.08,2.13,4.73,0.93,7.61,5.19,3.25,0.83,7.33,1.95,6.22,4.82,1.39,0,0.09,1.11,3.9,0,0,0.19,0.28,14.01,4.36,2.69,0.56,3.25,2.88,2.78,1.86,1.11,0.19,0.19,0.56,0.28,0.09,0,0.19,5.57,1.3,0.93,3.62,0.28,0.09,3.34,3.34,0.74,12.24,1.86,7.05,3.25,2.04,0.09,0.37,0.09,0,0.19,1.11,0,0.37,0.74,0,0,33.77,5.1,9,0.09,1.21,0.09,0,3.8,2.97,3.53,5.57,2.41
113,"1",1,1011,89.59,63.55,3.99,78.36,24.07,30.07,65.78,35.31,6.23,2.37,0,0.89,0,0,1.48,3.86,5.24,11.87,5.54,2.87,4.85,0.49,8.61,4.75,3.07,1.29,12.66,2.87,4.15,3.46,0.59,0,0,0.59,7.52,0,0,0,0,14.94,2.47,3.26,1.19,2.47,2.67,4.45,0.49,0.49,0,0,2.08,0,1.98,0,0.1,7.32,1.09,1.09,2.27,2.87,0.69,3.07,4.55,1.68,4.75,0.3,2.87,1.38,2.77,0.2,0.1,0.4,0.1,0,0.49,0,0.49,0,0,0,31.45,5.34,9.69,0.2,0.59,0,0,1.29,0,0.59,11.67,2.08
114,"1",1,4524,94.64,53.63,60.32,39.61,29.19,30.08,65.85,32.94,4.02,0.88,0.02,0.49,0.07,0,0.31,3.14,5.7,12.51,4.13,1.72,5.61,0.64,5.92,5.5,3.74,0.51,7.65,2.5,1.86,1.22,0.44,0,0.02,0.04,4.07,0.02,0,0.02,0,11.89,4.4,1.66,0.6,2.39,0.73,3.05,1.11,0.69,0.18,0.07,0.31,0.2,0.13,0,0,4.16,1.17,0.6,1.24,1.06,0.27,5.39,2.52,2.25,15.69,0.38,5.92,9.44,2.79,0.09,0.04,0.11,0,0.02,0.6,0,0.46,0.07,0.07,0,23.08,4.95,8.16,0.24,0.91,0.02,0,1.48,0.18,0.51,5.84,0.8
115,"0",1,2615,91.9,62.03,36.99,24.55,25.14,22.72,77.4,43.79,5.81,2.18,0.11,0.5,0,0.76,0.8,3.63,10.4,12.47,5.43,4.97,6.54,1.03,10.63,4.44,2.98,2.49,6.35,2.33,1.03,0.46,0.54,0.08,0.04,0.08,7.38,0,0,0.84,0.23,13.04,4.4,2.07,1.19,2.37,1.07,3.67,7.42,4.93,2.26,0.19,0.88,0.8,0.08,0,0,5.12,0.88,0.5,3.33,0.42,0.15,4.44,4.93,0.5,12.77,0.73,7.38,4.74,1.8,1.07,0.42,0.11,0.04,0,0.08,0,0,0,0.08,0,21.22,3.98,7.19,0.08,0.54,0.34,0.19,1.84,0.76,2.22,2.83,1.26
116,"1",1,1412,97.69,58.13,10.02,73.39,26.64,28.47,74.36,41.36,4.11,1.13,0,0.21,0.35,0,0.57,2.97,10.34,15.44,5.81,3.33,4.32,0.71,10.91,7.29,5.45,0.78,9.63,3.68,3.26,2.9,0.35,0,0.07,0.21,5.81,0.14,0,0.14,0,15.72,2.97,2.55,1.35,5.95,1.2,3.61,0.57,0.28,0.14,0.07,0.35,0.21,0.07,0,0.07,4.39,0.5,1.91,1.13,2.12,0.07,2.05,7.93,0.71,8.07,0.42,4.32,3.26,1.77,0.14,0.07,0.35,0.07,0,0.14,0,0.07,0.07,0,0,22.88,4.04,7.15,0.14,0.85,0.07,0,2.48,0.57,0.85,4.67,2.05
117,"1",1,3639,97.36,54.8,26.95,35.87,26.18,26.85,69,41.49,5.55,1.87,0.16,1.4,0,0,0.3,3.68,9.15,15.83,5.14,2.64,4.31,0.63,7.5,5.11,3.76,0.82,5.96,2.69,1.13,0.82,0.25,0,0,0.16,3.41,0.03,0,0.55,0.03,11.32,2.64,2.78,0.74,2.69,1.29,2.78,1.37,1.15,0.03,0.08,0.14,0.08,0.03,0,0,4.92,1.68,1.13,1.92,0.33,0.88,3.3,3.74,0.38,12.48,0.96,6.95,4.51,3.49,0.05,0.47,0.44,0,0,0.19,0.03,0.05,0.05,0.03,0,19.02,4.2,6.98,0.63,0.69,0,0,1.15,0,0.03,4.45,0.88
118,"0",1,4083,93.47,60.35,15.13,51.92,24.75,30.47,70.9,39.75,6.47,1.86,0,0.83,0,0,1.03,4.6,8.65,12.52,5.63,2.13,5.31,0.93,9.48,3.89,2.77,1.15,6.96,2.03,2.79,2.06,0.66,0.1,0.05,0.29,5.88,0,0,0.17,0.02,15.01,5.09,4.95,1.13,2.42,0.71,3.16,1.96,1.3,0.2,0,1.59,0.73,0.1,0.05,0.78,6.44,1.45,1.81,2.47,0.76,0.32,3.99,4.04,0.64,7.69,0.66,4.41,2.72,4.02,0.47,0.34,0.51,0.02,0,0.24,0,0.17,0.05,0,0,19.5,4.68,6.96,0.37,0.27,0.02,0,2.55,0.05,0.2,3.92,0.49
120,"0",1,2991,96.42,53.61,16.6,1.14,26.24,33.23,65.03,35.21,3.74,0.67,0,0.43,0.03,0,0.2,3.08,8.32,12.3,5.02,1.37,4.95,0.77,7.86,5.32,3.34,0.84,6.92,2.04,5.12,0.9,4.18,2.98,0.27,0.2,3.88,0,0.03,0.7,0.03,12.44,2.61,3.48,0.53,1.91,2.11,2.67,1.24,0.64,0.07,0.23,0.8,0.74,0.07,0,0.03,4.05,0.74,0.77,1.87,0.27,0.53,3.51,3.24,1.3,10.43,2.01,6.02,2.51,2.31,0.27,0.17,0.1,0.03,0,0.4,0,0.3,0,0.17,0,23.27,4.61,8.59,0.4,0.94,0,0,1.97,0.2,0.37,4.61,1.57
121,"1",1,4687,95.68,64.96,19.75,49.6,27.25,30.36,68,35.82,4.22,1.07,0,0.62,0,0,0.45,3.16,6.64,13.76,4.97,2.37,4.37,0.92,7.77,6.17,2.69,1,8.24,1.79,7.13,4.14,2.86,0.06,0.36,0.64,6.74,0,0.06,0.04,0.09,12.89,4.29,4.05,1,1.51,0.75,2.6,0.81,0.49,0,0.15,0.7,0.43,0.23,0,0.04,5.53,1.39,1.39,2.37,1.17,0.09,3.88,2.79,0.7,10.01,0.68,7.08,2.18,3.24,0.41,0.02,0.66,0,0.02,0.62,0,0.53,0.04,0.09,0,23.68,4.54,8.47,0.09,0.53,0,0.04,2.09,0.09,0.3,5.31,2.22
122,"1",1,4140,94.79,53.29,37.31,28.18,26.2,33.07,70.75,40.31,4.59,1.18,0,0.65,0,0,0.53,3.41,8.36,14.06,5.65,3.67,5.68,0.56,8.89,4.64,2.92,1.18,7.63,2.68,4.54,1.18,1.04,0.07,0.02,0.72,4.47,0.02,0.02,0.1,0,15.97,5.65,1.91,0.97,3.33,1.71,3.74,2.61,1.86,0.36,0.17,0.41,0.1,0.29,0,0.02,3.31,0.99,1.09,1.09,0.48,0.27,4.03,3.82,0.29,10.63,1.11,7.56,2.05,2.73,0.34,0.02,0.27,0.02,0,0.72,0,0.51,0,0.22,0,18.31,4.3,7.83,0.1,0.34,0.02,0,0.8,0.34,0.46,3.33,0.8
124,"0",1,931,90.62,79.88,3.49,98.13,30.03,28.46,67.88,37.16,6.66,2.69,0,0.21,0,0.75,1.72,3.97,5.69,12.89,5.48,2.36,5.05,1.07,8.06,4.3,2.69,1.72,8.06,1.4,8.92,7.2,1.72,1.5,1.5,0,11.71,0,0.21,3.11,0.75,10.31,2.9,2.26,1.4,1.29,1.4,2.47,1.93,1.5,0,0.11,0.21,0.11,0,0,0,7.09,2.9,1.29,2.47,0.64,1.5,3.54,3.33,0.43,6.87,0.21,4.94,1.72,2.15,0.43,0.11,0.21,0.32,0,0.43,0,0.21,0,0.21,0,25.13,4.3,10.2,0.11,0.43,0.11,0,3.54,0.43,0.43,4.73,0.86
127,"1",1,4164,98.53,48.75,53.13,45.63,24.49,28.24,69.48,37.75,3.17,0.89,0.02,0.6,0.07,0,0.19,2.28,8.55,16.04,4.2,1.71,4.51,0.72,8.09,3.67,2.69,0.7,8.31,1.99,1.56,1.32,0.24,0,0.02,0.07,3.36,0,0.02,0.02,0.02,11.96,3.15,3.87,0.6,2.04,0.7,3.6,4.73,3.46,0.12,0.02,1.25,0.96,0.24,0.02,0.05,3.29,0.74,0.58,1.9,0.22,0.19,4.27,2.45,0.31,15.3,4.61,8.29,2.47,1.97,0.05,0.12,0.19,0,0,0.19,0,0.17,0,0.02,0,22.79,4.63,6.24,0.29,0.89,0,0,1.97,0.46,0.12,5.52,2.67
129,"0",1,2765,94.23,62.63,33.94,15.15,26.33,31.86,71.39,34.03,4.45,1.45,0.04,0.47,0,0.04,0.9,3,5.53,13.2,3.98,2.64,5.28,0.83,6.47,7.2,3.07,0.94,6.44,1.56,4.16,1.66,2.42,1.34,0.83,0.4,7.27,0,0.04,0.76,0.18,13.92,4.88,3.22,0.61,2.1,1.08,3.65,4.95,3.91,0.14,0.33,3.33,2.42,0.33,0.07,0.58,6.87,1.19,1.45,3.36,0.4,0.98,4.23,2.53,0.76,10.6,0.8,6.98,2.97,3.33,0.58,0.07,0.18,0,0,1.63,0,1.48,0.04,0.14,0,26.4,5.06,9.04,0.14,0.58,0,0,3.47,0.29,0.9,5.71,1.19
132,"0",1,1028,93.12,85.77,21.4,18.59,22.84,31.13,79.96,42.32,7.39,2.63,0,0.88,0.68,0.19,0.88,4.77,9.63,12.65,6.52,2.72,4.67,0.68,11.48,3.4,1.85,1.46,6.13,2.92,2.33,0.88,1.36,0,0.88,0.19,13.13,0.1,0,0.39,0.29,14.49,3.99,2.63,1.07,4.09,0.78,3.31,6.23,4.38,1.56,0.1,0.88,0.78,0.1,0,0,8.56,5.54,1.26,2.04,0,0,3.31,5.93,2.14,10.21,1.75,6.23,2.24,3.5,0.49,0.29,0.58,0.1,0,0,0,0,0,0,0,23.05,4.57,7.49,0.19,0.29,0.19,0,2.04,0.78,1.26,4.96,1.26
133,"1",1,6479,96.79,53.52,27.83,84.36,24.36,33.03,72.11,39.53,4.48,1.33,0.02,0.77,0.32,0,0.22,3.15,8.98,14.32,5.51,2.62,4.57,0.68,8.61,5.85,3.6,0.48,5.37,2.59,4.2,3.7,0.39,0.09,0.03,0.15,3.66,0,0,0,0,15.77,5.79,3.9,0.79,2.64,1.17,3.18,1.17,0.86,0.02,0.11,0.68,0.08,0.32,0,0.28,7.59,1.16,4.2,1.94,1.79,0.28,3.75,4.29,0.79,9.28,0.57,5.77,2.73,2.5,0.65,0.03,0.68,0,0.02,0.23,0,0.11,0,0.12,0,21.28,5,6.95,0.2,0.73,0.14,0,1.96,0.74,0.14,3.52,1.91
134,"1",1,4430,69.78,77.25,1,83.53,24.48,20.5,73.16,46.21,14,5.33,0.05,0.97,0.47,0.16,3.68,8.67,5.06,12.12,8.33,2.6,4.81,0.7,14.2,4.67,3.63,5.17,9.86,2.62,4,3.52,0.27,0.09,0.02,0.07,9.8,0,0.09,0.11,0.2,14.02,2.35,2.12,4.63,2.39,0.9,3.02,0.9,0.47,0.09,0.2,0.47,0.09,0.32,0,0.07,4.04,1.31,0.79,1.2,1.04,0.18,5.17,7.36,0.95,5.53,0.52,4.13,0.86,1.81,0.16,0.14,0.56,0.25,0.05,0.81,0,0.47,0.11,0.23,0,22.44,4.97,7.45,0.36,0.41,0.07,0.05,0.77,1.31,1.87,3.88,1.31
135,"0",1,4057,94.6,76.19,20.68,58.89,27.05,35.49,75.2,39.51,5.57,1.36,0.02,0.59,0.02,0.1,0.62,4.21,8.9,12.87,4.81,3.06,5.03,1.28,7.07,6.16,2.61,1.77,8.75,3.06,3.18,2.42,0.67,0.17,0.07,0.2,11.04,0,0.1,0.05,0.15,13.83,4.49,2.86,1.23,1.55,2.91,3.23,0.99,0.57,0,0.05,0.42,0.27,0.07,0.07,0,7.96,4.26,0.86,2,0.69,0.39,3.38,2.61,0.67,9.69,1.7,4.04,3.97,3.6,0.12,0.02,0.07,0.02,0,0.12,0,0.07,0,0.02,0.02,18.02,4.04,6.88,0.12,0.37,0.05,0,1.01,0.15,0.32,4.46,0.62
136,"0",1,4160,92.04,70.66,17.57,42.34,25.84,30.82,75.89,42.07,7.55,3.27,0.12,1.25,0,0.19,1.71,4.28,8.12,13.34,6.68,2.43,4.57,1.03,10.6,5.77,2.57,1.42,5.65,1.85,6.2,3.39,2.48,0.12,1.51,0.17,8.34,0,0.02,0.22,0.07,14.04,4.76,3.32,1.15,1.95,1.08,3,1.44,0.77,0.14,0.36,0.5,0.1,0.19,0,0.19,8.87,1.85,2.96,2.21,1.61,1.01,4.69,3.03,2.43,8.87,2.19,4.74,2.09,4.11,0.24,0.07,2.62,0.99,0.02,0.22,0,0.07,0.05,0.12,0,20.58,4.33,6.95,0.14,0.41,0.17,0,2.19,0.53,1.13,3.7,1.03
139,"1",1,4066,95.5,43.65,33.8,33.84,25.57,24.15,65.64,41.71,3.71,0.93,0,0.61,0.02,0.05,0.25,2.78,9.39,14.54,6,3.62,6.27,1.06,7.85,5.61,4.13,1.16,9.96,2.14,1.55,1.01,0.54,0.12,0.05,0.17,2.75,0,0,0.42,0.02,13.87,3.15,4.62,0.57,2.51,1.01,3.94,2.43,0.71,1.11,0.05,0.39,0.17,0.22,0,0,3.64,0.81,0.79,1.65,0.34,0.32,4.33,3.52,0.12,12.03,1.67,7.3,3,1.43,0.05,0.12,0.1,0,0.02,0.2,0,0.07,0.05,0.07,0,20.54,4.8,8.19,0.12,0.49,0,0,0.98,0.64,0.79,3.84,0.69
140,"0",1,4034,96.4,70.31,21.6,29.93,25.06,35.25,70.85,38.25,5.9,2.55,0,0.99,0.07,0.2,1.29,3.35,7.56,14.68,4.12,1.98,4.54,0.97,7.19,5.5,2.53,0.92,6.2,1.61,3.54,1.86,1.61,0.55,0.25,0.15,7.96,0.4,0.07,0.2,0.25,12.52,3.72,3.89,0.62,2.11,0.89,2.73,1.96,0.72,0.05,0.57,2.06,0.05,1.12,0,0.87,5.88,2.13,0.77,2.26,0.47,0.47,2.53,3.84,0.69,10.66,0.47,8.43,1.74,2.97,0.52,0.4,0.15,0,0.02,0.12,0,0.02,0.1,0,0,22.68,4.56,7.76,0.15,0.47,0.22,0,1.88,0.69,1.76,4.66,0.52
142,"1",1,2644,90.57,72.36,14.44,18.01,22.22,33.32,73.64,36.31,6.13,2.91,0.04,1.4,0.04,0,1.44,3.21,5.64,12.37,4.69,2.87,5.64,0.76,7.64,6.39,3.06,1.59,7.53,2.27,10.82,4.27,4.8,0.04,3.59,0,9.04,0.04,0.08,0.26,0.11,12.9,4.05,2.84,2.04,2.34,1.13,3.74,2.65,0.45,1.51,0.49,0.53,0.23,0.19,0.19,0.11,9.27,3.78,2.12,1.59,2.23,0.11,3.48,2.99,1.29,8.85,1.17,4.35,3.1,4.99,3.74,0.04,0.38,0,0.38,0.11,0,0.04,0.04,0.04,0,29.12,6.77,10.51,0.08,0.42,0.08,0,1.51,0.45,0.61,7.19,1.51
145,"1",1,4261,97.43,81.18,14.38,22.85,26.14,29.12,75.33,41.12,4.83,1.99,0,0.33,0,0.23,1.43,2.84,9.11,15.7,4.74,2.21,5.16,0.99,6.78,3.85,2.46,0.82,5.59,6.88,3.52,1.62,1.81,0.19,0.7,0.33,12.79,0,0,0.14,0.21,11.64,2.93,2.89,1.17,1.92,1.83,3.29,0.61,0.4,0,0.16,0.16,0.02,0.05,0,0.02,13.92,8.89,2.75,2.16,1.27,0.54,2.02,3.99,0.52,9.81,1.1,7.44,1.08,3.22,3.14,0.07,1.22,0.07,0.19,0.54,0,0.45,0.02,0.05,0,24.71,4.76,7.86,0.05,0.56,0.02,0,3.87,0.66,1.15,4.46,1.31
146,"0",1,2701,96.24,48.96,15.54,41.14,20.16,29.21,65.27,38.5,3.89,0.78,0,0.44,0,0,0.33,3.11,8.7,13.48,5.74,2.15,4.89,1.07,8.18,4.63,3.22,0.59,6.52,1.52,1.15,0.96,0.11,0.04,0.04,0,4.22,0,0,0.26,0,14.07,2.85,5.15,1.33,2.44,0.81,3.85,4.92,4.7,0.22,0,0.11,0,0.07,0,0.04,2.74,0.63,0.33,1.78,0.11,0.07,4.11,3.48,0.74,9.55,0.96,5.18,3.04,2.3,0,0.04,0.3,0,0,0.15,0,0.15,0.11,0,0,22.55,5.92,7.55,0.22,0.67,0.04,0,2.22,0.22,0.56,3.92,1.22
148,"0",1,4341,92.77,86.46,14.85,45.22,31.01,24.76,77.29,40.82,5.25,1.98,0,0.9,0.02,0.18,0.88,3.27,7.46,14.01,6.7,3.29,5.57,0.71,9.24,7.23,3.75,1.41,8.41,4.22,3.46,2.23,1.17,0.48,0.14,0.25,13.98,0.6,2.05,2,3.62,11.31,3.06,2.14,2,2.26,1.29,3.16,0.92,0.69,0.05,0.05,1.89,0.21,0.35,0.99,0.07,9.01,5.16,0.92,1.84,0.85,0.58,3.2,4.63,1.11,10.71,0.51,5.81,4.24,1.8,0.18,0.14,0.46,0,0.05,0.51,0.02,0.28,0.12,0.09,0,21.79,3.5,7.9,0.16,0.3,0.12,0,1.89,0.92,1.45,4.61,0.94
150,"0",1,3768,98.35,50.11,39.31,19.07,27.3,24.73,67.41,41.53,3.48,0.8,0,0.4,0,0.13,0.27,2.68,10.96,15.34,5.44,3.13,4.14,0.5,8.17,5.2,3.61,1.06,7.22,1.65,1.91,0.69,1.14,0,0.05,1.06,2.97,0,0,0.11,0.13,10.11,2.87,3.05,0.48,1.65,0.98,2.84,3.9,3.18,0,0.29,0.8,0.48,0.05,0.19,0.05,4.56,0.66,1.43,2.42,0.4,0.05,4.83,2.63,0.42,14.28,2.23,9.24,2.79,2.23,0.05,0.03,0.05,0.03,0,0.08,0,0.03,0.03,0,0,20.46,4.35,7.43,0.13,0.5,0.05,0,1.46,0.42,0.77,4.62,0.72
151,"0",1,2547,95.01,58.54,11.33,4.76,28.62,30.07,69.34,36.75,4.95,1.45,0.04,0.47,0,0.12,0.82,3.49,7.42,13.19,4.71,2.63,4.91,0.86,9.31,5.69,3.34,1.18,8.28,1.81,4.59,0.98,3.02,0.12,0.16,0.24,5.26,0,0.04,0.16,0.08,12.96,3.46,4.04,0.98,1.37,1.96,2.67,3.06,1.1,0.08,1.45,2.83,0.94,1.69,0.08,0.16,3.93,0.79,0.79,1.61,0.39,0.55,4.2,3.53,0.75,8.68,1.06,4.75,2.87,2.55,0.59,0.47,0.12,1.92,0.12,0.47,0,0.16,0.31,0,0,23.32,4.24,7.97,0.47,0.39,0,0,1.45,1.33,1.85,5.06,0.55
153,"0",1,4025,97.69,50.99,50.46,36.71,27.2,28.15,69.14,39.53,4.35,1.02,0,0.82,0,0.05,0.15,3.33,10.46,14.09,4.2,2.26,5.59,0.65,7.48,6.24,3.78,1.02,6.48,1.49,1.76,1.19,0.57,0.05,0.2,0.12,2.78,0,0.05,0,0.05,11.43,3.63,2.98,0.45,2.14,0.7,2.71,4.87,3.16,0.02,0.17,0.2,0.07,0.07,0.02,0.02,3.53,1.61,0.37,1.52,0.2,0.05,4.12,2.68,0.47,15.23,0.42,13.57,1.12,2.06,0.05,0.12,0.3,0,0,0.2,0,0.12,0.02,0.05,0,22.11,4.47,6.61,0.32,0.35,0.02,0,3.38,0.3,0.4,4.7,1.57
154,"1",1,2680,93.86,68.34,19.58,53.1,22.71,32.61,70.52,38.13,5.6,1.98,0.04,1.16,0,0.07,0.71,3.62,7.24,13.13,5.6,2.61,4.4,1.04,7.8,5.82,3.51,0.63,4.63,2.69,2.95,2.2,0.75,0.07,0.19,0.07,7.65,0,0.07,0.07,0.11,11.75,4.1,1.68,0.75,1.42,1.23,2.95,0.97,0.63,0,0.07,0.26,0.04,0.22,0,0,6.46,1.64,2.09,1.94,1.19,0.49,2.57,4.93,0.41,9.59,1.34,6.53,1.75,4.59,0.04,0.15,0.82,0.04,0.07,0.78,0,0.6,0.07,0.11,0,23.21,5.41,6.87,0.11,0.63,0.07,0,3.69,0.37,1.01,4.22,0.82
155,"0",1,3757,96.05,66.78,50.36,12.12,24.88,35.77,73.81,39.39,5.4,2.05,0.03,1.36,0,0.03,0.64,3.35,7.32,15.09,5.22,2.77,4.45,0.48,7.64,4.71,2.87,0.9,5.94,1.22,3.78,1.36,2.4,0.16,2.1,0.16,6.04,0,0.05,0.43,0.08,13.71,4.42,2.87,1.44,2.37,1.06,2.56,1.7,0.93,0.03,0.03,0.16,0.03,0.08,0.03,0.03,8.54,2.21,3.17,4.74,0.88,0.08,3.35,3.38,1.52,15.52,0.8,12.32,2.37,2.85,0.13,0.05,0.16,0,0,0.32,0,0.24,0.03,0.05,0,21.93,4.82,7.72,0.13,0.43,0,0.03,2.13,0.69,0.83,4.47,0.69
158,"1",1,4388,97.15,52.28,29.67,28.05,31.34,33.14,62.69,36.46,4.54,1.28,0,0.96,0,0,0.32,3.26,8.91,13.1,4.03,2.26,4.58,0.41,5.67,4.17,2.37,1.3,5.97,1.19,1.73,0.82,0.68,0.25,0.16,0.21,3.17,0,0.09,0.09,0.09,14.31,3.99,4.51,0.96,2.69,0.87,3.14,1.57,0.64,0,0.25,0.27,0.11,0,0,0.16,4.58,1.21,1.12,1.94,0.73,0.57,2.92,2.14,0.93,11.62,1.09,8.3,2.3,2.64,0.21,0.07,0.3,0,0,0.36,0,0.3,0.27,0.07,0,22.56,4.74,7.98,0.16,0.64,0,0,3.08,0.05,0.14,5.1,0.68
161,"0",1,4268,97.68,63.39,9.74,11.06,22.46,28.07,71.72,38.94,4.4,1.57,0,0.63,0,0.28,0.66,2.84,8.79,14.95,4.73,2.3,4.08,0.75,7.03,6.16,3.66,0.77,8.11,2.93,3.44,1.01,2.16,1.83,1.22,0.16,6.56,0.52,0.02,0.23,0.14,11.53,2.32,4.01,0.3,2.23,0.73,3.02,4.69,2.25,0.02,0.49,0.82,0.3,0.33,0.05,0.14,5.9,1.43,0.77,3.49,0.26,1.41,4.43,2.55,0.35,8.46,1.17,4.59,3.09,2.51,0.21,0.05,0.07,0.05,0,1.1,0,1.01,0,0.59,0,20.27,5.2,6.56,0.19,0.45,0.07,0,2.51,0.14,0.47,3.8,0.89
165,"0",1,1078,96.29,62.04,9.36,77.07,25.67,33.86,67.9,39.52,6.22,3.15,0,1.11,0,0,2.04,3.06,8.53,14.29,3.43,2.69,5.19,0.74,5.94,4.27,2.97,1.58,6.22,1.76,3.15,2.97,0.19,0.09,0,0.09,6.77,0,0.09,0.09,0.19,15.03,3.8,4.64,1.3,2.41,0.56,4.08,3.06,2.13,0,0.09,0.28,0,0.19,0.09,0,2.88,1.48,0.65,0.28,0.19,0.28,2.41,3.34,1.02,6.49,0.65,3.25,2.13,3.15,0.19,0.09,1.21,0,0,0.09,0,0.09,0,0,0,20.96,5.57,7.33,0.28,0.19,0.09,0,1.3,0,0.65,4.82,0.74
167,"0",1,2825,95.61,47.31,49,24.09,22.42,29.77,61.56,35.12,3.29,0.6,0,0.35,0,0.04,0.21,2.69,9.17,11.01,4.04,3.04,5.88,0.5,6.27,5.24,3.65,0.71,9.27,1.81,0.88,0.39,0.5,0.14,0.04,0.32,2.48,0,0,0.46,0.11,13.1,4.42,3.75,0.5,2.58,0.5,3.01,4.04,1.66,0.04,0.14,0.67,0.42,0.14,0,0.11,3.68,0.71,0.6,2.3,0.04,0.5,3.82,2.16,0.53,13.95,1.2,9.95,3.33,1.38,0.14,0.04,0.07,0,0,0.21,0,0.07,0.11,0.04,0,26.12,6.05,10.37,0.18,0.28,0.04,0,1.17,0.21,0.57,6.16,1.1
201,"1",1,14504,97.16,49.01,42.97,25.55,26.04,30.83,68.71,39.18,5.13,1.17,0.12,0.73,0.01,0,0.31,3.96,8.45,14.97,4.63,2.34,4.5,0.61,7.52,5.57,3.33,0.91,4.54,2.28,2.79,1.27,1.28,0.06,0.07,0.97,2.72,0.02,0.06,0.01,0,13.38,4.8,2.92,0.6,2.43,1.36,2.99,1.49,0.92,0.13,0.41,0.28,0.06,0.05,0.02,0.14,4.32,1.27,1.22,1.6,0.46,0.66,1.79,5.36,0.97,12.64,0.99,7.18,4.52,2.03,0.21,0.19,0.32,0.01,0.03,0.24,0,0.19,0.03,0.05,0,21.55,5.33,6.25,0.19,0.86,0.17,0,2.07,0.86,0.2,4.54,1.07
202,"1",1,7352,94.03,61.31,26.13,56.33,24.18,32.39,72.18,39.92,5.44,1.97,0,1.26,0.29,0.05,0.37,3.47,7.85,13.68,5.92,2.82,5.33,0.72,9.74,5.4,3.05,0.63,5.88,2.5,3.2,2.33,0.71,0.05,0.15,0.11,5.54,0.07,0.05,0.07,0.1,16,5.33,4.13,0.94,3.2,1.16,3.48,1.47,0.83,0.08,0.04,0.72,0.19,0.24,0.15,0.27,7.58,1.9,3.55,1.59,0.97,0.52,3.96,4.11,0.94,9.34,1.31,5.29,2.68,2.67,0.45,0.26,0.27,0,0,0.34,0.01,0.12,0.04,0.18,0,18.17,4.56,6.92,0.19,0.6,0.1,0,1.7,0.44,0.07,3.07,0.53
203,"1",1,3411,95.88,40.15,35.45,29.7,25.65,29.52,65.38,37.38,3.9,0.88,0.03,0.26,0.12,0,0.47,3.02,6.27,14.95,5.1,2.26,4.84,1.29,7.51,5.92,4.37,0.79,7.33,2.35,0.85,0.5,0.26,0.06,0.03,0.15,3.17,0.03,0.03,0.23,0.12,14.66,4.51,3.4,0.79,1.67,0.76,4.72,6.42,3.34,1.08,0.12,0.18,0.15,0,0.03,0,2.32,0.64,0.32,1.03,0.29,0.18,3.72,3.11,0.32,10.29,0.56,8.06,1.7,1.73,0.12,0.09,0.12,0,0,0.32,0,0.29,0.06,0,0,24.27,5.13,6.24,0.35,0.47,0,0,2.35,0.5,0.44,5.48,3.31
204,"1",1,6880,93.26,52.33,22.06,38.99,30.85,33.21,68.05,40.55,5.19,0.96,0.06,0.36,0,0.15,0.39,4.23,6.92,14.42,6.38,2.43,6.12,0.77,8.79,3.75,2.22,0.74,3.2,1.32,2.57,1.61,0.87,0.22,0.22,0.07,4.58,0,0.04,0.01,0.13,14.46,4.07,3.72,0.84,3.42,0.99,3.53,1.42,0.49,0.03,0.2,1.15,0.73,0.38,0,0.03,5.25,1.86,1.05,1.98,0.57,0.2,1.66,5.64,1.34,9.71,1.15,6.42,2.33,4.26,0.15,0.06,0.2,0.06,0,0.19,0,0.03,0.04,0.12,0,20.81,4.9,7.15,0.09,0.93,0.01,0,2.34,0.2,0.35,4.69,0.15
205,"1",1,19565,92.62,64.01,27.4,30.15,26.69,35.79,72.27,38.96,6.17,1.87,0.01,0.88,0.03,0.04,0.91,4.31,6.03,14.3,5.36,3.2,5.06,0.75,8.08,6.72,4.37,0.96,3.95,3.26,2.92,1.56,1.3,0.15,0.28,0.22,7.04,0.08,0.09,0.04,0.11,13.23,4.2,2.49,1.22,2.93,0.95,3.59,1.25,0.82,0.1,0.09,0.56,0.17,0.2,0.07,0.13,6.73,2.05,1.42,2.65,0.53,0.45,1.76,5.61,0.71,10.86,1.04,7.77,1.94,4.99,0.5,0.11,0.47,0.28,0.09,0.3,0.02,0.1,0.05,0.13,0,21.05,4.85,8.87,0.22,0.76,0.07,0.01,0.03,0.52,0.34,4.23,1.16
206,"1",1,5820,95.25,51.1,21.36,44.66,26.22,33.52,71.63,44.64,5.22,0.86,0.09,0.27,0,0.02,0.48,4.36,9.31,15.64,7.03,3.56,5.62,0.62,9.4,5.76,3.14,1.25,3.81,3.42,2.29,1.65,0.62,0.02,0.03,0.41,3.99,0.02,0.03,0.03,0.02,13.88,4.5,1.74,1.24,3.09,1.8,3.28,2.3,1.12,0.29,0.38,0.72,0.29,0.15,0,0.27,4.47,0.82,1.46,1.6,0.86,0.26,1.46,7.41,0.76,9.62,0.69,6.77,2.15,2.35,0.15,0.02,0.22,0,0,0.12,0,0,0.03,0.07,0,15.53,3.75,5.58,0.12,0.1,0.21,0,0.65,0.34,0.38,1,3.4
207,"1",1,12906,94.63,41.84,55.32,50.81,24.17,33.36,71.75,37.1,4.56,1.17,0.17,0.81,0.01,0.02,0.17,3.39,6.27,14.24,4.97,2.5,5.74,0.67,8.56,6.63,5.07,0.85,5.21,2.97,2.79,2.06,0.72,0.05,0.09,0.27,2.3,0,0.03,0.02,0.01,16.64,5.32,3.67,1.03,3.53,1.61,4.33,1.07,0.87,0.08,0.04,0.1,0.03,0.02,0,0.05,5.32,1.25,1.77,1.39,0.98,0.46,2.84,5.44,0.78,13.03,0.92,6.33,5.75,6.94,0.1,0.01,0.21,0,0,0.19,0,0.05,0.02,0.13,0,19.09,4.67,7.22,0.16,1.02,0.02,0,0.96,0.36,0.23,3.49,0.95
208,"1",1,6812,96.09,66.91,12.24,55.67,21.63,34.81,66.41,36.73,4.89,1.59,0.15,0.51,0.04,0.19,0.69,3.3,6.62,14.62,4.3,1.75,5.53,0.6,6.34,4.14,3.11,0.38,7.38,2.32,3.54,2.51,0.92,0.38,0.15,0.16,7.57,0.01,0.03,0.25,0.29,11.2,3.49,2.88,0.54,1.17,0.97,3.01,0.79,0.48,0.07,0.09,0.32,0.04,0.13,0.01,0.13,6.44,1.92,1.51,2.07,1.09,0.63,3.42,2.66,0.81,8.1,1.38,5.23,1.44,3.7,0.15,0.03,0.25,0.07,0.01,0.48,0,0.28,0.15,0.07,0,26.16,5.36,9.12,0.26,0.57,0,0,3.24,0.44,0.53,4.55,2.08
209,"1",1,7233,96.85,50.94,29.48,66.83,28.14,35.64,69.22,37.02,4.04,0.98,0,0.77,0.01,0.01,0.18,3.06,7.99,14.01,4.24,2.25,5.16,0.75,8.03,6.15,3.14,0.75,6.37,1.51,5.05,3.14,0.97,0.15,0.26,0.18,3.37,0,0.04,0.15,0.01,16.84,4.29,5.79,0.9,2.18,2.05,3.18,3.37,2.14,0,0.53,0.46,0.39,0.07,0.15,0,7.3,1.47,2.16,2.07,1.99,0.59,3.64,2.81,0.59,11.21,2,6,3.32,3.1,0.26,0.07,0.69,0,0,0.97,0,0.84,0.28,0.11,0,20.72,4.29,8.65,0.22,0.76,0.01,0,1.04,0.03,0.04,4.85,0.83
210,"1",1,9389,96.83,69.7,12.66,50.2,26.23,34.15,72.93,39.77,5.05,1.47,0.03,0.7,0,0.01,0.72,3.57,9.42,14.17,4.25,2.62,5.49,0.66,7.02,5.47,3.54,0.92,4.93,2.89,4.44,2.82,1.51,0.55,0.59,0.22,8.09,0,0.03,0.19,0.05,13.91,4.21,3.29,1.47,2.24,1.78,2.95,1.6,0.62,0.05,0.04,0.38,0.06,0.28,0,0.05,10.77,5,2.47,3.55,1.08,0.6,2.47,3.73,0.87,8.44,0.77,6,1.57,3.72,2.47,0.02,0.47,0.39,0.09,0.38,0,0.17,0.07,0.14,0,23.01,5.13,7.44,0.1,0.87,0,0,2.24,0.45,0.64,4.6,1.53
211,"1",1,7650,95.68,66.18,56.37,27.07,23.91,27.67,71.15,36.58,4.48,1.28,0.03,0.77,0,0,0.48,3.2,6.65,14.1,3.92,2.85,5.23,0.73,6.21,5.99,3.84,0.76,5.92,3.42,1.82,0.94,0.86,0.03,0.07,0.43,8.05,0.05,0.05,0.44,0.37,12.29,3.16,1.93,0.65,2.68,0.89,3.88,1.01,0.68,0.01,0.16,0.58,0.01,0.52,0.03,0,7.67,1.92,0.63,4.76,0.33,0.39,2.2,3.62,0.86,15.54,1.18,8.03,6.35,4.22,0,0.05,0.3,0.03,0.05,0.33,0.01,0.12,0.01,0.18,0,27.12,5.46,8.95,0.12,0.97,0.04,0.01,4.2,0.63,0.21,4.84,1.7
212,"1",1,10171,97.3,56.76,43.75,35.93,23.44,30.44,69.07,39.22,4.22,1.18,0.04,0.87,0,0.02,0.26,3.04,9.23,14.35,4.91,2.56,4.9,0.44,7.39,5.48,3.7,0.79,4.6,2.35,1.75,1.14,0.56,0.02,0.12,0.29,4.39,0.03,0.11,0.02,0.02,12.24,3.96,3.95,0.76,2.01,0.53,3.04,1.03,0.64,0.3,0.04,0.16,0.08,0.03,0,0.05,6.23,1.33,1.41,3.37,0.87,0.13,1.53,5.13,0.7,13.79,1.95,8.43,3.23,2.59,0.1,0.39,0.12,0.02,0,0.29,0.04,0.17,0.11,0.06,0,18.79,5.21,5.95,0.22,0.31,0.1,0,1.4,0.31,0.08,4.72,0.49
213,"1",1,4158,94.35,41.72,53.66,32.8,14.05,29.97,60.8,33.89,3.9,0.87,0.1,0.58,0,0,0.19,3.03,6.78,11.98,4.71,2.55,4.86,1.03,6.59,4.14,2.91,1.32,8.85,2.07,1.27,0.84,0.43,0.12,0.1,0.1,2.09,0,0.02,0,0.02,14.94,6.23,2.72,0.84,2.09,1.25,3.63,1.76,1.25,0,0.07,0.07,0.05,0.02,0,0,3.22,0.77,0.72,1.2,0.63,0.17,3.46,3.34,0.46,12.43,1.15,6.69,4.64,2.69,0,0.05,0.1,0,0,0.41,0,0.36,0.17,0,0,26.14,7.6,7.77,0.36,0.22,0.36,0,2.53,0.1,0.22,5.32,1.68
214,"1",1,4489,96.05,49.64,13.45,25.77,18.1,30.39,66.58,39.9,4.88,1.11,0.29,0.33,0,0,0.49,3.76,10.14,12.68,5.7,2.61,4.48,1.05,8.13,4.7,2.81,0.89,6.39,2.32,1.56,0.78,0.78,0.09,0.2,0.13,3.74,0,0,0.11,0,12.5,3.79,4.05,0.65,1.92,1.14,2.83,3.56,2.81,0.07,0.2,0.31,0.09,0.07,0.02,0.11,3.05,0.51,0.96,1.11,0.2,0.56,2.34,5.26,0.27,8.11,0.96,5.26,2.09,2.9,0.2,0.02,0.45,0,0,0.51,0,0.45,0.27,0.02,0,24.84,6.82,7.8,0.71,0.4,0.11,0,1.6,0.76,0.16,4.61,1.87
215,"1",1,15848,94.03,78.57,20.98,90.25,23.31,37.22,73.18,38.2,6.56,2.8,0.42,0.36,0.18,0.3,1.54,3.75,5.89,14.83,4.94,2.35,4.93,0.63,8.67,4.98,2.66,1.12,4.85,1.41,6.32,5.08,1.19,0.36,0.15,0.3,10.95,0.49,2.76,0.2,0.23,15.89,6.31,3.89,1.41,2.61,1.48,2.53,2.75,0.49,0.01,0.22,0.35,0.03,0.25,0.04,0.03,10.29,5.62,1.22,1.75,1.05,1,2.87,5.07,1.41,8.6,0.89,4.98,2.83,3.21,0.09,0.04,0.18,0,0,0.42,0,0.18,0.13,0.12,0,21.26,5.08,6.69,0.07,0.76,0.14,0,1.1,0.64,1.55,4.1,1.14
216,"1",1,2714,95.06,46.46,37.94,36.11,26.35,34.67,72.81,43.07,5.42,1.07,0,0.33,0,0,0.74,4.35,8.25,15.62,5.67,3.5,5.71,0.96,9.99,5.38,3.28,0.81,4.16,2.32,1.99,1.29,0.7,0.07,0.26,0.11,3.02,0,0,0,0,15.22,5.08,3.28,0.48,3.54,0.96,3.28,1.25,0.85,0.15,0.04,0.11,0.04,0,0,0.07,3.87,0.66,1.14,1.66,0.44,0.26,2.28,6.34,0.66,11.27,1.22,6.15,3.94,6.19,0.04,0.04,0.41,0.04,0,0.29,0,0.04,0.11,0.15,0,19.38,4.83,6.6,0.04,0.04,0,0,1.62,0.11,0.11,2.25,3.8
217,"1",1,3098,95.47,53.74,44.54,27.92,25.39,36.86,66.66,36.93,4.58,0.68,0,0.29,0,0,0.39,3.91,7.39,13.23,4.39,3.16,4.52,0.74,9.91,4.49,3.16,1.03,4.71,2.87,1.87,0.97,0.84,0.26,0.06,0.45,4.49,0,0.06,0.1,0,15.04,5.52,3.07,0.29,2.87,1.07,3.1,1.23,0.65,0.48,0.06,0.1,0,0,0.03,0.06,3.62,0.48,0.94,1.97,0.29,0.36,5.16,2.45,0.19,11.85,1,7.81,3.36,5.46,0.61,0.03,0.13,0,0,0.19,0,0.13,0,0.06,0,21.21,4.87,4.87,0.23,0.39,0,0,1.03,3.49,0.06,4.58,1.68
218,"1",1,4451,95.1,37.06,47.8,31.52,21.3,34.82,69.45,40.58,4.04,1.17,0,0.67,0,0,0.49,2.88,8.76,13.86,6.11,3.28,5.68,0.83,9.1,4.99,3.26,1.75,5.12,2.65,2.31,1.1,0.76,0.02,0.11,0.31,3.55,0,0.02,0,0,15.21,2.94,2.61,0.72,2.16,4.34,6.7,3.03,2.76,0.02,0.11,0.18,0.07,0.09,0,0.02,3.98,1.19,1.24,1.19,0.61,0.4,5.37,3.44,0.47,11.75,1.24,7.28,3.33,2.47,0.2,0.09,0.2,0,0,0.11,0,0.04,0.04,0.02,0,19.61,5.64,5.71,0.16,0.16,0.11,0,1.98,0.52,0.38,3.64,1.33
219,"1",1,14956,97.7,45.63,24.69,31.35,15.45,28.8,63.41,38.02,4.62,0.71,0.12,0.31,0.03,0.03,0.23,3.91,8.89,14.53,4.6,2.1,3.83,0.74,7.63,3.9,2.13,0.7,4.6,2,2.73,1.52,1.2,0.1,0.06,0.9,1.93,0.08,0.03,0.05,0.06,11.65,4.27,2.56,0.71,1.89,1.08,2.5,1.22,0.67,0.03,0.42,0.45,0.19,0.09,0,0.16,4.06,0.66,0.99,1.91,0.45,0.72,2.09,5.08,0.7,10.74,0.83,6.94,2.96,2.21,0.17,0.09,0.31,0,0.01,0.69,0.01,0.62,0.22,0.05,0,27.68,8.3,8.4,0.52,0.47,0.02,0,4.01,0.22,0.16,4.37,1.2
220,"1",1,10353,96.68,50.93,17.56,25.93,30.1,26.77,62.74,39.52,3.98,0.81,0.01,0.3,0,0,0.5,3.17,8.63,14.73,4.94,2.92,5.55,0.72,7.73,4.67,3.24,1.2,7.62,1.54,0.8,0.4,0.39,0.03,0.04,0.22,4.17,0.06,0.01,0.14,0.09,10.51,2.12,2.82,0.84,1.79,0.84,3.48,0.77,0.26,0.36,0.06,0.13,0.07,0.03,0,0.03,4.8,1.09,0.66,2.87,0.28,0.12,3.21,3.83,0.34,10.64,0.81,5.83,3.85,3.41,0.14,0.04,0.41,0.01,0,0.86,0.03,0.7,0.07,0.08,0,29.7,5.01,7.49,0.18,0.78,0,0,2.6,0.7,1.14,5.73,6.08
221,"1",1,2995,94.08,60.8,10.55,98.62,24.96,29.75,75.69,37.33,4.77,1.07,0,0.37,0.07,0.2,0.43,3.71,7.85,12.42,5.04,2.27,5.88,0.93,6.88,5.44,3.34,0.83,7.61,2,9.18,6.94,1.2,0.2,0.67,0.23,6.78,0,0,0.33,0.27,13.09,3.67,2.77,0.87,2.67,1.17,3.54,2.34,1.8,0,0.43,5.71,2.77,0.23,0,2.84,8.28,0.9,4.34,2.84,1,0.1,3.51,3.87,0.77,7.35,0.7,5.44,1.47,2.94,2.87,0.03,0.13,0,0,0.47,0,0.27,0.07,0.1,0,28.11,5.04,8.55,0.57,0.77,0.13,0,1.4,1.94,2.07,4.94,2.7
222,"1",1,3246,81.74,78.94,13.85,99,20.94,30.53,75.6,39.16,8.29,4,0.28,1.11,0.12,0.09,2.4,4.28,6.35,10.23,5.73,3.6,5.79,0.99,8.96,6.16,2.77,1.66,7.12,2.31,8.23,7.33,0.83,0.06,0.03,0.68,11.89,0.03,0.12,0,0.18,15.03,4.16,2.77,1.26,3.36,2.65,3.82,0.37,0.31,0,0.06,0.4,0.25,0.03,0,0.12,13.96,4.84,6.44,4.71,3.6,0.15,3.85,4,3.36,7.58,0.49,4.87,2.19,4.93,4.13,0.18,0.8,0.15,0,0.4,0,0.28,0.03,0.09,0,26.09,5.05,7.98,0.4,0.43,0.31,0,1.42,0.74,0.34,6.9,2.53
