Filename,Segment,WC,Analytic,Clout,Authentic,Tone,WPS,Sixltr,Dic,function,pronoun,ppron,i,we,you,shehe,they,ipron,article,prep,auxverb,adverb,conj,negate,verb,adj,compare,interrog,number,quant,affect,posemo,negemo,anx,anger,sad,social,family,friend,female,male,cogproc,insight,cause,discrep,tentat,certain,differ,percept,see,hear,feel,bio,body,health,sexual,ingest,drives,affiliation,achieve,power,reward,risk,focuspast,focuspresent,focusfuture,relativ,motion,space,time,work,leisure,home,money,relig,death,informal,swear,netspeak,assent,nonflu,filler,AllPunc,Period,Comma,Colon,SemiC,QMark,Exclam,Dash,Quote,Apostro,Parenth,OtherP
01.txt,1,12255,97.59,48.56,20.55,26.58,22.78,30.06,64.18,37.96,2.82,0.45,0.03,0.00,0.00,0.01,0.41,2.37,10.30,12.89,4.32,2.06,5.78,0.95,7.08,2.95,1.89,0.72,9.49,1.41,1.53,0.50,0.45,0.01,0.14,0.08,3.82,0.01,0.00,0.16,0.01,13.35,5.15,5.15,0.55,1.54,0.40,3.20,5.56,4.66,0.46,0.16,0.34,0.20,0.06,0.00,0.08,3.09,0.61,1.20,1.01,0.53,0.39,3.45,2.85,0.49,8.24,0.58,5.84,1.88,1.59,0.20,0.02,0.13,0.01,0.00,0.17,0.00,0.16,0.02,0.01,0.00,21.48,5.21,8.33,0.02,0.60,0.02,0.00,0.61,0.26,0.09,5.67,0.67
03.txt,1,15310,97.37,50.16,23.32,26.53,16.25,27.30,61.50,34.54,3.32,0.65,0.03,0.39,0.03,0.00,0.20,2.68,8.29,12.95,4.21,1.77,4.42,0.79,6.72,4.72,2.70,0.58,9.48,1.76,1.72,0.88,0.84,0.07,0.03,0.44,2.89,0.03,0.01,0.33,0.02,11.54,4.36,3.25,0.60,1.28,0.89,2.45,1.06,0.49,0.05,0.18,0.12,0.07,0.03,0.00,0.01,5.34,1.03,1.43,2.66,0.19,0.27,2.70,2.74,0.28,10.40,0.68,6.43,3.16,4.24,0.03,0.04,0.88,0.04,0.01,0.46,0.00,0.40,0.12,0.01,0.00,29.23,7.75,10.78,0.50,0.48,0.04,0.00,2.36,0.07,0.05,6.02,1.19
04.txt,1,4537,94.67,42.99,24.16,39.57,25.63,32.22,67.60,38.37,4.52,0.75,0.00,0.29,0.00,0.00,0.46,3.77,6.83,14.19,6.00,2.71,4.63,1.06,10.32,4.94,3.53,0.60,7.47,2.01,2.71,1.74,0.97,0.51,0.04,0.22,2.56,0.00,0.00,0.02,0.02,14.15,5.93,3.31,1.06,2.47,0.73,3.48,0.57,0.42,0.04,0.00,0.07,0.00,0.00,0.00,0.07,6.37,0.46,2.91,1.87,0.99,0.79,3.72,5.64,0.71,8.44,0.95,3.55,4.17,4.58,0.02,0.00,0.24,0.00,0.00,1.43,0.07,1.32,0.00,0.04,0.00,22.44,5.11,8.22,0.35,0.40,0.00,0.00,2.82,0.04,0.04,4.12,1.32
05.txt,1,4500,95.18,42.93,25.83,44.48,23.32,28.31,72.18,44.44,5.02,0.73,0.00,0.33,0.00,0.04,0.36,4.29,9.13,15.42,6.91,2.82,6.18,0.82,9.27,6.40,5.13,1.11,3.87,1.80,2.27,1.64,0.62,0.11,0.24,0.16,2.22,0.00,0.09,0.16,0.00,13.76,2.96,5.18,0.60,2.20,0.91,3.51,3.22,1.20,0.00,0.16,0.11,0.02,0.04,0.00,0.04,3.09,0.47,1.04,1.02,0.78,0.38,3.98,4.22,1.13,11.29,0.62,7.36,3.11,4.44,0.07,0.02,0.51,0.00,0.00,0.53,0.00,0.44,0.00,0.09,0.00,17.22,4.69,6.13,0.09,0.38,0.02,0.00,0.53,0.04,0.29,4.40,0.64
06.txt,1,10969,95.21,51.90,26.44,23.35,26.69,25.43,70.29,41.95,4.81,0.86,0.03,0.46,0.00,0.02,0.35,3.96,8.43,14.84,6.60,2.63,5.67,0.72,9.34,5.48,3.15,0.83,5.20,2.41,3.09,1.46,1.61,0.52,0.10,0.87,3.56,0.00,0.00,0.36,0.02,13.63,4.87,3.86,0.64,1.53,1.28,2.80,1.27,0.67,0.32,0.08,0.17,0.09,0.04,0.01,0.05,4.65,1.11,0.53,2.28,0.45,0.58,3.67,5.13,1.03,10.18,0.82,5.58,3.94,2.20,0.05,0.01,0.34,0.00,0.08,1.22,0.01,1.16,0.67,0.01,0.00,20.69,4.88,7.04,0.33,0.68,0.05,0.00,0.77,0.20,0.28,5.57,0.88
07.txt,1,5590,97.36,44.53,25.88,28.75,23.69,29.77,68.59,39.48,3.56,0.52,0.05,0.18,0.00,0.00,0.29,3.04,10.04,13.74,4.99,2.25,5.51,0.75,7.91,6.89,4.74,0.82,6.06,2.84,1.54,0.86,0.68,0.04,0.07,0.43,2.77,0.00,0.02,0.00,0.00,14.04,4.01,3.85,0.88,3.04,1.07,3.52,1.50,1.27,0.16,0.00,0.21,0.02,0.11,0.00,0.09,4.19,0.63,1.54,1.86,0.41,0.23,2.70,4.70,0.72,10.41,0.72,7.41,2.08,2.84,0.14,0.05,0.41,0.02,0.04,0.20,0.00,0.13,0.04,0.07,0.00,17.85,4.83,6.17,0.25,0.63,0.05,0.00,1.06,0.29,0.16,3.79,0.63
08.txt,1,14789,94.93,53.81,23.86,35.70,27.44,32.66,71.89,40.08,5.50,1.41,0.02,0.60,0.10,0.01,0.68,4.09,9.01,13.42,5.17,3.12,5.35,0.85,9.28,4.14,3.22,1.33,5.63,1.70,1.47,1.00,0.43,0.07,0.05,0.16,4.89,0.01,0.01,0.02,0.03,20.93,6.98,7.01,1.02,2.87,0.95,3.77,1.15,0.68,0.05,0.17,1.17,0.09,0.96,0.07,0.05,4.88,0.97,0.65,2.97,0.32,0.32,5.11,4.30,1.17,6.98,0.32,4.07,2.56,4.41,0.06,0.01,0.72,0.04,0.01,0.18,0.00,0.12,0.04,0.05,0.00,21.02,5.18,7.07,0.31,0.43,0.07,0.00,2.24,0.30,0.38,4.19,0.85
10.txt,1,5012,98.45,48.80,25.66,36.66,25.06,29.17,67.24,39.33,3.17,0.84,0.00,0.52,0.00,0.00,0.32,2.33,10.18,15.40,4.45,2.25,5.25,0.48,6.74,9.22,7.50,0.94,8.00,1.90,1.40,0.98,0.36,0.04,0.08,0.02,3.71,0.00,0.00,0.18,0.00,11.49,2.89,3.33,0.52,1.38,0.48,4.05,1.32,1.00,0.08,0.06,0.84,0.00,0.84,0.00,0.00,3.51,0.74,0.66,1.86,0.36,0.10,3.89,2.97,0.34,10.65,0.76,7.42,2.45,3.01,0.42,0.02,0.20,0.02,0.00,0.96,0.00,0.54,0.38,0.58,0.00,21.85,4.61,9.08,0.12,0.20,0.00,0.00,1.80,0.68,0.32,4.51,0.54
104.txt,1,3710,94.25,51.08,1.00,40.29,3710.00,14.18,18.81,2.96,0.00,0.00,0.00,0.00,0.00,0.00,0.00,0.00,1.81,0.54,0.13,0.00,0.00,0.62,4.72,1.59,0.00,0.00,49.81,2.26,0.97,0.89,0.08,0.00,0.00,0.08,0.89,0.00,0.00,0.00,0.00,3.18,0.57,1.05,0.00,0.75,0.84,0.00,0.00,0.00,0.00,0.00,0.35,0.00,0.00,0.00,0.35,2.35,0.54,0.62,1.11,0.62,0.00,2.05,1.11,0.00,5.09,1.02,3.83,0.24,0.86,0.35,0.00,0.00,0.00,0.00,3.21,0.00,3.21,0.00,0.00,0.00,65.42,0.00,3.32,9.60,5.34,0.00,0.00,15.42,0.00,0.00,2.83,28.92
106.txt,1,6898,93.89,48.38,1.00,30.16,6898.00,8.28,8.36,2.19,0.00,0.00,0.00,0.00,0.00,0.00,0.00,0.00,1.00,0.67,0.00,0.00,0.00,0.52,0.10,0.58,0.23,0.00,58.03,1.32,0.41,0.33,0.07,0.00,0.00,0.07,0.12,0.00,0.00,0.00,0.00,0.80,0.12,0.04,0.00,0.20,0.48,0.00,0.00,0.00,0.00,0.00,0.12,0.00,0.00,0.00,0.12,1.00,0.00,0.42,0.23,0.35,0.00,0.10,0.01,0.00,2.52,0.12,1.62,0.78,0.42,0.12,0.00,0.00,0.00,0.00,1.91,0.00,1.91,0.00,0.00,0.00,71.83,0.00,1.83,9.67,2.68,0.00,0.00,25.49,0.00,0.00,4.41,27.76
107.txt,1,4407,93.22,49.18,1.00,25.04,4407.00,9.78,9.01,1.59,0.32,0.00,0.00,0.00,0.00,0.00,0.00,0.32,0.05,0.95,0.00,0.00,0.23,0.05,0.02,1.82,0.09,0.00,63.44,0.16,2.41,1.18,1.23,0.02,0.82,0.00,0.29,0.00,0.00,0.00,0.05,1.75,0.00,0.18,0.00,0.16,1.09,0.41,0.16,0.09,0.07,0.00,0.39,0.00,0.11,0.05,0.23,1.25,0.05,0.07,1.18,0.00,0.05,0.00,0.00,0.00,1.47,0.07,1.32,0.09,0.50,0.29,1.20,0.27,0.02,0.00,0.05,0.05,0.00,0.00,0.00,0.00,90.54,0.05,54.87,10.48,0.00,0.00,0.00,4.86,4.77,0.00,4.90,10.62
11.txt,1,9923,95.81,60.66,40.32,25.61,27.41,34.88,65.69,36.09,4.05,0.99,0.00,0.70,0.00,0.01,0.28,3.06,6.03,14.56,4.71,2.16,5.33,0.61,7.93,5.72,4.01,0.54,6.12,2.72,1.80,0.90,0.91,0.39,0.17,0.20,5.55,0.02,2.70,0.09,0.01,14.14,4.82,4.74,0.41,1.70,1.47,2.93,0.95,0.59,0.16,0.02,0.53,0.04,0.36,0.00,0.13,7.15,4.22,0.60,1.61,0.48,0.48,2.64,3.79,0.33,12.20,0.95,10.16,1.28,2.56,0.07,2.73,0.11,0.00,0.01,0.50,0.00,0.40,0.29,0.03,0.00,22.96,5.07,6.32,0.19,0.94,0.05,0.00,1.65,0.60,0.19,5.60,2.34
110.txt,1,4816,90.30,49.17,1.00,21.31,4816.00,9.34,11.50,4.61,0.35,0.02,0.02,0.00,0.00,0.00,0.00,0.33,0.00,1.16,2.72,0.00,0.31,0.08,2.76,1.58,0.06,0.00,64.24,0.12,2.33,1.02,1.31,0.06,0.77,0.00,0.33,0.00,0.00,0.04,0.00,1.52,0.00,0.12,0.00,0.15,0.91,0.39,0.15,0.04,0.10,0.00,0.08,0.00,0.04,0.00,0.04,1.35,0.02,0.06,1.29,0.00,0.06,0.00,2.72,0.02,1.66,0.00,1.66,0.00,0.35,0.17,1.16,0.17,0.04,0.00,0.08,0.04,0.04,0.00,0.00,0.00,90.88,0.08,54.65,10.32,0.00,0.00,0.00,5.19,4.90,0.00,5.07,10.67
111.txt,1,4096,90.55,48.24,1.00,26.58,4096.00,9.47,11.16,4.08,0.51,0.07,0.07,0.00,0.00,0.00,0.00,0.44,0.00,1.03,2.22,0.00,0.39,0.00,2.27,1.81,0.12,0.00,63.96,0.20,2.10,1.07,1.03,0.07,0.59,0.00,0.27,0.00,0.00,0.00,0.02,1.76,0.00,0.12,0.00,0.20,0.98,0.59,0.12,0.02,0.10,0.00,0.27,0.00,0.12,0.02,0.12,1.25,0.02,0.12,1.07,0.00,0.10,0.00,2.22,0.00,1.42,0.00,1.42,0.00,0.78,0.17,1.03,0.59,0.00,0.00,0.05,0.05,0.00,0.00,0.00,0.00,90.60,0.05,54.52,10.28,0.00,0.00,0.00,5.10,5.08,0.00,4.98,10.60
112.txt,1,1235,93.22,49.03,1.00,31.28,1235.00,8.99,8.26,1.70,0.24,0.00,0.00,0.00,0.00,0.00,0.00,0.24,0.00,1.05,0.00,0.00,0.40,0.00,0.00,2.35,0.08,0.00,64.29,0.16,2.59,1.46,1.13,0.00,0.49,0.08,0.08,0.00,0.00,0.08,0.00,1.86,0.00,0.08,0.00,0.16,1.38,0.32,0.08,0.08,0.00,0.00,0.32,0.00,0.08,0.08,0.16,1.54,0.00,0.32,1.30,0.00,0.08,0.00,0.24,0.00,1.21,0.00,1.21,0.00,0.97,0.16,0.57,0.40,0.00,0.00,0.00,0.00,0.00,0.00,0.00,0.00,91.82,0.16,54.17,10.85,0.00,0.00,0.00,5.18,5.18,0.00,5.34,10.93
113.txt,1,1263,89.82,53.48,1.00,25.77,421.00,0.24,15.91,6.97,4.43,4.43,1.82,0.00,2.61,0.00,0.00,0.00,1.98,0.16,0.32,0.00,0.00,0.08,0.40,0.00,0.00,0.00,13.78,0.00,0.00,0.00,0.00,0.00,0.00,0.00,0.16,0.00,0.00,0.00,0.00,0.00,0.00,0.00,0.00,0.00,0.00,0.00,0.00,0.00,0.00,0.00,0.08,0.00,0.08,0.08,0.00,0.00,0.00,0.00,0.00,0.00,0.00,0.00,0.40,0.00,0.32,0.08,0.24,0.00,0.00,0.08,0.00,0.00,0.00,0.00,11.16,0.00,11.08,2.38,0.16,0.00,63.34,1.90,2.14,1.66,2.14,1.82,2.14,1.74,1.66,1.58,3.56,42.99
114.txt,1,4971,93.05,49.28,1.00,24.81,4971.00,9.66,9.11,1.59,0.34,0.04,0.04,0.00,0.00,0.00,0.00,0.30,0.00,0.93,0.04,0.00,0.26,0.06,0.10,1.75,0.14,0.00,62.72,0.42,1.95,0.95,1.01,0.04,0.64,0.00,0.44,0.00,0.00,0.04,0.02,1.83,0.04,0.16,0.00,0.42,0.89,0.46,0.22,0.10,0.06,0.06,0.28,0.08,0.12,0.02,0.10,1.27,0.06,0.10,1.09,0.00,0.06,0.02,0.12,0.00,1.33,0.06,1.21,0.04,0.99,0.34,1.05,0.50,0.04,0.00,0.06,0.06,0.00,0.00,0.00,0.00,91.59,0.48,54.17,10.26,0.00,0.00,0.00,4.91,5.45,0.00,5.49,10.82
115.txt,1,3040,89.94,50.53,1.00,26.86,380.00,0.07,16.25,7.34,4.87,4.87,2.47,0.07,2.30,0.03,0.00,0.00,2.07,0.30,0.10,0.00,0.00,0.00,0.13,0.00,0.00,0.00,10.99,0.00,0.07,0.07,0.00,0.00,0.00,0.00,0.33,0.07,0.00,0.07,0.07,0.07,0.00,0.00,0.00,0.00,0.00,0.07,0.00,0.00,0.00,0.00,0.13,0.00,0.10,0.03,0.00,0.16,0.10,0.00,0.07,0.00,0.00,0.00,0.13,0.00,0.13,0.00,0.13,0.00,0.00,0.03,0.00,0.00,0.00,0.03,10.86,0.03,10.62,2.20,0.10,0.07,65.79,1.97,2.30,1.91,2.11,2.34,1.88,1.64,2.07,1.74,3.65,44.18
116.txt,1,1706,88.97,50.47,1.00,24.83,853.00,0.12,16.76,6.57,4.63,4.63,2.34,0.00,2.23,0.06,0.00,0.00,1.58,0.06,0.23,0.06,0.06,0.00,0.23,0.00,0.00,0.00,10.49,0.00,0.06,0.00,0.06,0.00,0.00,0.00,0.35,0.06,0.00,0.00,0.12,0.00,0.00,0.00,0.00,0.00,0.00,0.00,0.00,0.00,0.00,0.00,0.06,0.00,0.06,0.00,0.00,0.41,0.18,0.00,0.23,0.00,0.00,0.00,0.23,0.00,0.06,0.00,0.06,0.00,0.18,0.00,0.00,0.00,0.00,0.00,11.96,0.12,11.90,2.40,0.12,0.00,66.65,1.58,2.05,1.35,2.40,2.29,1.41,1.76,1.41,2.17,2.93,47.30
117.txt,1,4225,89.29,50.28,1.00,25.77,422.50,0.05,16.64,7.10,4.83,4.83,2.39,0.02,2.39,0.02,0.00,0.00,1.99,0.05,0.09,0.02,0.14,0.05,0.09,0.02,0.02,0.00,11.22,0.02,0.14,0.07,0.07,0.00,0.00,0.00,0.31,0.00,0.05,0.02,0.12,0.12,0.00,0.00,0.12,0.12,0.00,0.12,0.05,0.00,0.05,0.00,0.09,0.00,0.07,0.02,0.00,0.24,0.12,0.00,0.12,0.00,0.00,0.00,0.09,0.00,0.07,0.00,0.07,0.00,0.05,0.05,0.00,0.00,0.00,0.00,11.67,0.09,11.43,2.37,0.26,0.05,64.21,2.44,1.56,2.20,1.87,2.15,1.89,2.08,1.89,1.59,4.07,42.46
118.txt,1,4939,90.30,53.40,1.00,26.78,617.38,0.06,17.27,7.69,4.80,4.80,1.94,0.00,2.85,0.00,0.00,0.00,2.57,0.14,0.12,0.00,0.06,0.04,0.12,0.02,0.02,0.00,11.56,0.02,0.06,0.06,0.00,0.00,0.00,0.00,0.16,0.04,0.00,0.02,0.02,0.12,0.00,0.00,0.04,0.06,0.00,0.12,0.06,0.00,0.06,0.00,0.12,0.00,0.04,0.08,0.02,0.08,0.04,0.00,0.04,0.00,0.00,0.00,0.08,0.02,0.04,0.00,0.04,0.00,0.02,0.22,0.00,0.00,0.00,0.00,11.99,0.06,11.91,2.49,0.06,0.00,66.59,1.58,2.81,4.25,2.37,2.11,1.07,1.66,1.32,2.23,3.24,43.96
12.txt,1,4327,96.64,46.95,29.52,41.66,29.64,28.98,66.00,36.54,3.91,0.79,0.00,0.23,0.00,0.00,0.55,3.12,7.86,13.80,5.41,1.69,4.65,0.83,7.90,5.62,3.77,0.65,5.45,1.80,1.99,1.39,0.51,0.05,0.16,0.16,3.05,0.00,0.02,0.02,0.05,14.65,6.47,3.58,0.74,1.73,0.79,3.21,2.47,0.67,1.48,0.23,0.12,0.05,0.05,0.00,0.07,2.82,0.60,1.11,1.11,0.44,0.12,3.44,4.25,0.42,8.83,0.53,4.71,3.19,3.54,0.07,0.00,1.09,0.00,0.00,0.21,0.00,0.14,0.07,0.00,0.00,23.92,5.25,7.90,0.39,0.86,0.00,0.00,2.52,0.60,0.07,5.34,0.99
120.txt,1,3802,89.66,48.74,1.00,26.64,345.64,0.00,16.18,6.81,4.66,4.63,2.52,0.03,2.05,0.03,0.00,0.03,1.84,0.18,0.03,0.05,0.11,0.00,0.05,0.03,0.03,0.00,11.81,0.03,0.05,0.05,0.00,0.00,0.00,0.00,0.24,0.03,0.00,0.03,0.05,0.08,0.00,0.00,0.03,0.05,0.00,0.08,0.03,0.00,0.03,0.00,0.00,0.00,0.00,0.00,0.00,0.21,0.08,0.00,0.13,0.00,0.00,0.00,0.05,0.00,0.18,0.03,0.16,0.00,0.05,0.11,0.00,0.00,0.00,0.08,10.99,0.03,10.84,2.05,0.18,0.00,64.36,2.39,2.10,2.05,1.81,2.21,2.10,1.58,1.71,2.13,3.71,42.56
121.txt,1,5648,90.71,51.77,1.00,26.36,353.00,0.02,17.17,6.71,4.16,4.14,1.91,0.02,2.14,0.07,0.00,0.02,2.23,0.18,0.09,0.02,0.11,0.00,0.09,0.04,0.04,0.00,10.78,0.00,0.07,0.05,0.02,0.00,0.00,0.00,0.34,0.04,0.00,0.05,0.12,0.07,0.00,0.05,0.00,0.00,0.00,0.02,0.05,0.00,0.05,0.00,0.09,0.00,0.07,0.02,0.00,0.25,0.05,0.00,0.19,0.00,0.00,0.00,0.09,0.00,0.18,0.00,0.18,0.00,0.12,0.09,0.00,0.00,0.00,0.00,12.16,0.12,12.06,2.43,0.11,0.04,66.61,2.09,1.98,2.20,2.11,2.25,1.75,2.60,2.05,2.18,3.97,43.43
122.txt,1,5148,89.88,49.07,1.00,26.09,367.71,0.08,17.39,6.93,4.41,4.41,2.35,0.04,2.02,0.00,0.00,0.00,2.02,0.19,0.21,0.08,0.10,0.06,0.27,0.02,0.02,0.00,11.34,0.02,0.10,0.06,0.04,0.00,0.00,0.00,0.27,0.04,0.02,0.06,0.08,0.04,0.00,0.00,0.00,0.02,0.00,0.04,0.06,0.00,0.06,0.00,0.16,0.00,0.12,0.04,0.00,0.31,0.08,0.00,0.23,0.00,0.00,0.02,0.25,0.00,0.17,0.04,0.12,0.02,0.12,0.08,0.00,0.00,0.00,0.00,11.87,0.12,11.69,2.10,0.12,0.02,65.15,1.94,2.21,2.20,1.77,2.62,2.04,1.65,1.77,1.90,4.14,42.91
124.txt,1,1168,91.21,51.71,1.00,25.77,389.33,0.00,16.87,6.34,3.51,3.51,1.46,0.00,2.05,0.00,0.00,0.00,2.23,0.26,0.09,0.00,0.17,0.26,0.17,0.09,0.09,0.00,11.04,0.00,0.00,0.00,0.00,0.00,0.00,0.00,0.26,0.00,0.00,0.00,0.00,0.09,0.00,0.09,0.00,0.00,0.00,0.00,0.09,0.09,0.00,0.00,0.00,0.00,0.00,0.00,0.00,0.17,0.09,0.00,0.09,0.00,0.00,0.00,0.09,0.00,0.09,0.09,0.00,0.00,0.17,0.00,0.00,0.00,0.00,0.00,12.50,0.17,12.41,2.31,0.09,0.00,61.13,2.31,1.54,1.80,1.88,1.80,1.46,1.46,2.48,2.14,3.34,40.92
127.txt,1,5022,89.69,50.64,1.00,24.82,502.20,0.04,17.58,7.05,4.58,4.56,2.25,0.00,2.29,0.02,0.00,0.02,1.99,0.22,0.16,0.06,0.14,0.06,0.18,0.08,0.08,0.00,11.01,0.04,0.08,0.00,0.06,0.00,0.00,0.00,0.34,0.04,0.02,0.06,0.06,0.08,0.00,0.00,0.00,0.04,0.00,0.08,0.02,0.00,0.02,0.00,0.16,0.00,0.08,0.10,0.00,0.28,0.04,0.00,0.24,0.00,0.00,0.00,0.12,0.00,0.08,0.00,0.08,0.00,0.14,0.08,0.00,0.00,0.00,0.04,12.23,0.08,12.03,2.25,0.20,0.02,65.23,1.81,1.63,1.65,1.99,1.95,1.79,1.93,2.31,2.43,4.06,43.67
129.txt,1,3142,93.14,49.75,1.00,34.62,3142.00,9.55,8.82,1.59,0.19,0.00,0.00,0.00,0.00,0.00,0.00,0.19,0.00,0.95,0.00,0.03,0.38,0.03,0.13,1.97,0.16,0.00,63.27,0.32,2.29,1.40,0.89,0.00,0.57,0.00,0.38,0.00,0.00,0.03,0.03,2.01,0.00,0.16,0.00,0.32,1.34,0.35,0.10,0.06,0.03,0.00,0.41,0.00,0.10,0.13,0.19,1.11,0.00,0.06,1.08,0.00,0.03,0.00,0.13,0.00,1.62,0.03,1.59,0.03,0.16,0.35,1.37,0.13,0.03,0.00,0.10,0.06,0.03,0.00,0.00,0.00,90.58,0.13,54.11,10.60,0.00,0.00,0.00,4.90,4.87,0.00,5.12,10.85
13.txt,1,7446,96.96,56.51,8.07,9.10,21.90,36.66,65.61,34.35,3.14,0.55,0.04,0.42,0.00,0.01,0.08,2.59,7.64,13.05,3.52,2.14,5.39,0.75,6.22,4.24,2.14,0.54,11.29,2.16,3.59,1.10,2.47,0.13,0.05,0.07,4.55,0.03,0.03,0.50,0.05,14.60,3.45,3.48,2.93,1.89,1.61,2.54,0.93,0.77,0.01,0.04,0.83,0.00,0.78,0.00,0.05,9.08,1.79,2.99,1.69,0.46,2.47,3.52,3.88,0.52,9.51,1.83,4.66,3.01,7.57,0.11,0.04,0.55,0.00,0.00,0.68,0.00,0.63,0.51,0.05,0.00,24.34,6.04,8.30,0.11,0.42,0.44,0.00,1.52,0.13,0.21,6.23,0.93
132.txt,1,1111,90.26,48.20,1.00,10.04,1111.00,10.62,12.96,4.86,0.54,0.00,0.00,0.00,0.00,0.00,0.00,0.54,0.00,1.26,2.61,0.00,0.36,0.09,2.61,1.17,0.00,0.00,62.47,0.09,2.70,0.72,1.98,0.00,1.53,0.00,0.18,0.00,0.00,0.00,0.00,1.62,0.00,0.27,0.00,0.09,0.72,0.54,0.09,0.00,0.09,0.00,0.63,0.09,0.18,0.18,0.18,2.07,0.00,0.00,1.98,0.00,0.09,0.00,2.61,0.00,1.80,0.00,1.71,0.00,0.54,0.18,1.26,0.36,0.00,0.00,0.00,0.00,0.00,0.00,0.00,0.00,95.23,0.18,57.34,10.44,0.00,0.00,0.00,5.49,5.22,0.00,5.40,11.16
133.txt,1,8197,90.73,50.20,1.00,25.97,303.59,0.04,16.23,6.50,4.10,4.09,2.05,0.02,2.00,0.01,0.00,0.01,2.18,0.11,0.05,0.02,0.06,0.01,0.09,0.04,0.02,0.00,11.24,0.02,0.06,0.04,0.02,0.00,0.00,0.00,0.20,0.00,0.02,0.02,0.04,0.04,0.00,0.00,0.00,0.02,0.00,0.04,0.04,0.00,0.04,0.00,0.01,0.00,0.01,0.00,0.00,0.17,0.09,0.00,0.09,0.00,0.00,0.00,0.09,0.00,0.13,0.04,0.09,0.01,0.11,0.06,0.00,0.01,0.00,0.02,11.36,0.07,11.19,2.49,0.18,0.02,65.11,1.98,2.13,1.89,1.65,2.42,2.01,1.84,1.88,2.01,3.92,43.38
134.txt,1,4886,90.61,50.82,1.00,25.77,349.00,0.00,18.19,7.67,4.63,4.63,2.27,0.06,2.29,0.00,0.00,0.00,2.68,0.18,0.10,0.02,0.12,0.04,0.18,0.06,0.06,0.00,11.38,0.02,0.12,0.06,0.06,0.00,0.00,0.00,0.29,0.00,0.00,0.04,0.04,0.06,0.00,0.02,0.04,0.04,0.00,0.04,0.04,0.02,0.02,0.00,0.04,0.00,0.04,0.02,0.00,0.18,0.06,0.00,0.12,0.00,0.00,0.02,0.16,0.00,0.16,0.06,0.10,0.00,0.06,0.06,0.00,0.00,0.00,0.00,12.42,0.08,12.32,2.68,0.08,0.04,67.21,1.80,1.90,2.35,2.29,2.64,1.47,1.58,1.31,2.44,3.05,46.38
135.txt,1,5042,90.23,51.35,1.00,26.10,265.37,0.00,17.02,7.18,4.62,4.62,2.28,0.06,2.26,0.02,0.00,0.00,2.28,0.16,0.06,0.04,0.08,0.00,0.06,0.00,0.00,0.00,11.62,0.02,0.02,0.02,0.00,0.00,0.00,0.00,0.32,0.02,0.04,0.06,0.08,0.04,0.00,0.04,0.00,0.00,0.00,0.00,0.00,0.00,0.00,0.00,0.06,0.00,0.06,0.00,0.00,0.26,0.12,0.00,0.14,0.00,0.00,0.00,0.04,0.00,0.10,0.02,0.08,0.00,0.14,0.04,0.00,0.00,0.00,0.00,11.74,0.02,11.56,2.42,0.22,0.02,65.99,1.84,1.67,2.42,1.84,2.84,1.47,1.84,1.84,2.16,3.47,44.59
136.txt,1,5179,90.71,51.85,1.00,27.05,304.65,0.00,17.32,7.11,4.23,4.23,1.95,0.06,2.22,0.00,0.00,0.00,2.39,0.19,0.08,0.02,0.14,0.10,0.14,0.04,0.04,0.00,11.43,0.04,0.08,0.08,0.00,0.00,0.00,0.00,0.39,0.02,0.04,0.08,0.06,0.12,0.00,0.02,0.08,0.10,0.00,0.10,0.02,0.00,0.02,0.00,0.12,0.00,0.10,0.08,0.00,0.35,0.19,0.00,0.15,0.00,0.00,0.00,0.14,0.00,0.23,0.06,0.15,0.02,0.06,0.08,0.00,0.00,0.00,0.08,11.91,0.06,11.78,2.43,0.04,0.04,63.91,2.09,1.68,2.14,1.93,1.85,1.87,1.85,1.82,2.28,3.11,43.29
139.txt,1,3582,95.10,64.39,1.87,46.89,35.82,22.59,44.64,18.34,3.04,1.95,0.64,0.70,0.28,0.22,0.11,1.09,4.52,6.34,2.09,0.89,1.95,0.20,4.66,3.35,0.45,0.20,26.80,0.78,3.80,2.46,1.31,0.03,0.17,1.03,3.80,0.11,0.14,0.39,0.31,2.88,0.87,0.98,0.14,0.25,0.50,0.25,2.32,1.09,0.95,0.11,2.04,0.50,0.78,0.06,0.61,6.25,1.95,2.57,2.37,1.12,1.14,0.64,3.29,0.53,7.06,0.81,3.38,2.85,4.30,4.52,0.59,0.20,0.59,0.22,1.98,0.00,1.95,0.00,0.06,0.00,86.46,5.97,3.04,0.42,0.03,0.06,0.73,18.62,48.58,0.73,0.39,7.90
14.txt,1,10792,96.16,44.52,38.60,22.05,25.82,30.20,72.53,40.30,4.87,1.50,0.06,1.15,0.00,0.01,0.29,3.37,8.67,14.59,5.22,2.48,5.67,0.72,7.62,6.68,5.73,1.18,5.23,2.98,2.52,1.14,1.38,0.03,1.19,0.04,3.10,0.01,0.00,0.16,0.05,17.64,5.49,4.98,0.72,2.97,1.05,4.86,2.05,0.93,0.09,0.08,1.50,1.43,0.07,0.00,0.00,4.69,1.34,1.29,2.44,0.32,0.12,3.09,4.28,0.32,9.60,0.67,6.60,2.34,2.90,0.03,0.00,0.08,0.00,0.00,0.17,0.00,0.11,0.01,0.05,0.00,18.69,4.72,7.28,0.16,0.72,0.06,0.00,0.59,0.19,0.06,4.03,0.87
140.txt,1,4540,94.83,67.33,1.58,45.18,37.52,18.77,43.55,17.58,3.61,2.40,0.51,0.90,0.48,0.33,0.18,1.21,4.19,6.10,2.16,0.59,1.52,0.09,5.04,2.97,0.59,0.40,32.31,0.64,2.60,1.81,0.75,0.20,0.40,0.09,4.01,0.15,0.02,0.22,0.35,2.40,0.42,0.95,0.18,0.29,0.44,0.29,3.06,1.59,1.08,0.31,1.72,0.59,0.42,0.15,0.44,4.58,1.98,0.97,1.52,0.75,0.09,0.42,3.55,0.59,7.29,1.54,3.48,2.47,3.74,5.42,0.22,0.51,0.15,0.04,1.83,0.02,1.76,0.00,0.04,0.00,38.68,5.70,2.97,0.44,0.02,0.11,0.48,18.48,1.32,1.04,0.13,7.97
142.txt,1,2876,84.91,49.03,1.00,14.29,2876.00,5.15,11.20,6.05,0.28,0.00,0.00,0.00,0.00,0.00,0.00,0.28,0.00,0.00,5.77,0.00,0.00,0.00,5.77,1.53,0.00,0.00,80.56,0.00,3.76,1.46,2.29,0.00,1.18,0.00,0.03,0.00,0.00,0.00,0.00,1.70,0.00,0.00,0.00,0.00,1.43,0.28,0.00,0.00,0.00,0.00,0.21,0.00,0.00,0.17,0.03,1.81,0.00,0.10,1.70,0.00,0.00,0.00,5.88,0.00,0.00,0.00,0.00,0.00,0.14,0.03,0.00,0.00,0.00,0.00,0.00,0.00,0.00,0.00,0.00,0.00,86.23,0.00,57.41,11.54,0.00,0.00,0.00,5.74,0.00,0.00,0.00,11.54
145.txt,1,6380,92.84,50.00,1.00,25.77,6380.00,0.00,0.00,0.00,0.00,0.00,0.00,0.00,0.00,0.00,0.00,0.00,0.00,0.00,0.00,0.00,0.00,0.00,0.00,0.00,0.00,0.00,100.00,0.00,0.00,0.00,0.00,0.00,0.00,0.00,0.00,0.00,0.00,0.00,0.00,0.00,0.00,0.00,0.00,0.00,0.00,0.00,0.00,0.00,0.00,0.00,0.00,0.00,0.00,0.00,0.00,0.00,0.00,0.00,0.00,0.00,0.00,0.00,0.00,0.00,0.00,0.00,0.00,0.00,0.00,0.00,0.00,0.00,0.00,0.00,0.00,0.00,0.00,0.00,0.00,0.00,0.00,0.00,0.00,0.00,0.00,0.00,0.00,0.00,0.00,0.00,0.00,0.00
146.txt,1,4342,92.84,50.00,1.00,25.77,4342.00,0.00,0.00,0.00,0.00,0.00,0.00,0.00,0.00,0.00,0.00,0.00,0.00,0.00,0.00,0.00,0.00,0.00,0.00,0.00,0.00,0.00,100.00,0.00,0.00,0.00,0.00,0.00,0.00,0.00,0.00,0.00,0.00,0.00,0.00,0.00,0.00,0.00,0.00,0.00,0.00,0.00,0.00,0.00,0.00,0.00,0.00,0.00,0.00,0.00,0.00,0.00,0.00,0.00,0.00,0.00,0.00,0.00,0.00,0.00,0.00,0.00,0.00,0.00,0.00,0.00,0.00,0.00,0.00,0.00,0.00,0.00,0.00,0.00,0.00,0.00,0.00,0.00,0.00,0.00,0.00,0.00,0.00,0.00,0.00,0.00,0.00,0.00
148.txt,1,6609,92.84,50.00,1.00,25.77,6609.00,0.00,0.00,0.00,0.00,0.00,0.00,0.00,0.00,0.00,0.00,0.00,0.00,0.00,0.00,0.00,0.00,0.00,0.00,0.00,0.00,0.00,100.00,0.00,0.00,0.00,0.00,0.00,0.00,0.00,0.00,0.00,0.00,0.00,0.00,0.00,0.00,0.00,0.00,0.00,0.00,0.00,0.00,0.00,0.00,0.00,0.00,0.00,0.00,0.00,0.00,0.00,0.00,0.00,0.00,0.00,0.00,0.00,0.00,0.00,0.00,0.00,0.00,0.00,0.00,0.00,0.00,0.00,0.00,0.00,0.00,0.00,0.00,0.00,0.00,0.00,0.00,0.00,0.00,0.00,0.00,0.00,0.00,0.00,0.00,0.00,0.00,0.00
15.txt,1,8127,96.06,48.47,19.94,13.99,24.33,31.41,69.68,38.82,3.89,0.62,0.00,0.38,0.00,0.00,0.23,3.27,8.92,13.23,5.75,2.79,4.75,0.85,7.92,6.58,3.25,0.89,5.54,1.92,2.55,0.80,1.66,0.04,0.12,1.30,2.67,0.01,0.02,0.21,0.00,17.69,3.49,6.41,0.90,5.29,1.02,2.58,3.05,2.72,0.02,0.14,0.16,0.06,0.04,0.00,0.06,5.03,0.74,0.70,3.37,0.28,0.27,2.12,4.97,2.04,10.75,0.97,6.92,2.79,1.60,0.02,0.01,0.41,0.00,0.00,0.12,0.00,0.09,0.02,0.02,0.00,23.00,5.67,7.56,0.18,0.37,0.00,0.00,0.95,0.71,0.09,6.82,0.65
150.txt,1,5665,92.84,50.00,1.00,25.77,5665.00,0.00,0.00,0.00,0.00,0.00,0.00,0.00,0.00,0.00,0.00,0.00,0.00,0.00,0.00,0.00,0.00,0.00,0.00,0.00,0.00,0.00,100.00,0.00,0.00,0.00,0.00,0.00,0.00,0.00,0.00,0.00,0.00,0.00,0.00,0.00,0.00,0.00,0.00,0.00,0.00,0.00,0.00,0.00,0.00,0.00,0.00,0.00,0.00,0.00,0.00,0.00,0.00,0.00,0.00,0.00,0.00,0.00,0.00,0.00,0.00,0.00,0.00,0.00,0.00,0.00,0.00,0.00,0.00,0.00,0.00,0.00,0.00,0.00,0.00,0.00,0.00,0.00,0.00,0.00,0.00,0.00,0.00,0.00,0.00,0.00,0.00,0.00
151.txt,1,4060,92.84,50.00,1.00,25.77,4060.00,0.00,0.00,0.00,0.00,0.00,0.00,0.00,0.00,0.00,0.00,0.00,0.00,0.00,0.00,0.00,0.00,0.00,0.00,0.00,0.00,0.00,100.00,0.00,0.00,0.00,0.00,0.00,0.00,0.00,0.00,0.00,0.00,0.00,0.00,0.00,0.00,0.00,0.00,0.00,0.00,0.00,0.00,0.00,0.00,0.00,0.00,0.00,0.00,0.00,0.00,0.00,0.00,0.00,0.00,0.00,0.00,0.00,0.00,0.00,0.00,0.00,0.00,0.00,0.00,0.00,0.00,0.00,0.00,0.00,0.00,0.00,0.00,0.00,0.00,0.00,0.00,0.00,0.00,0.00,0.00,0.00,0.00,0.00,0.00,0.00,0.00,0.00
153.txt,1,6093,92.84,50.00,1.00,25.77,6093.00,0.00,0.00,0.00,0.00,0.00,0.00,0.00,0.00,0.00,0.00,0.00,0.00,0.00,0.00,0.00,0.00,0.00,0.00,0.00,0.00,0.00,100.00,0.00,0.00,0.00,0.00,0.00,0.00,0.00,0.00,0.00,0.00,0.00,0.00,0.00,0.00,0.00,0.00,0.00,0.00,0.00,0.00,0.00,0.00,0.00,0.00,0.00,0.00,0.00,0.00,0.00,0.00,0.00,0.00,0.00,0.00,0.00,0.00,0.00,0.00,0.00,0.00,0.00,0.00,0.00,0.00,0.00,0.00,0.00,0.00,0.00,0.00,0.00,0.00,0.00,0.00,0.00,0.00,0.00,0.00,0.00,0.00,0.00,0.00,0.00,0.00,0.00
154.txt,1,4379,92.84,50.00,1.00,25.77,4379.00,0.00,0.00,0.00,0.00,0.00,0.00,0.00,0.00,0.00,0.00,0.00,0.00,0.00,0.00,0.00,0.00,0.00,0.00,0.00,0.00,0.00,100.00,0.00,0.00,0.00,0.00,0.00,0.00,0.00,0.00,0.00,0.00,0.00,0.00,0.00,0.00,0.00,0.00,0.00,0.00,0.00,0.00,0.00,0.00,0.00,0.00,0.00,0.00,0.00,0.00,0.00,0.00,0.00,0.00,0.00,0.00,0.00,0.00,0.00,0.00,0.00,0.00,0.00,0.00,0.00,0.00,0.00,0.00,0.00,0.00,0.00,0.00,0.00,0.00,0.00,0.00,0.00,0.00,0.00,0.00,0.00,0.00,0.00,0.00,0.00,0.00,0.00
155.txt,1,5004,90.09,49.28,1.00,26.77,384.92,0.04,16.53,6.97,4.66,4.64,2.50,0.04,2.08,0.02,0.00,0.02,2.12,0.16,0.04,0.02,0.04,0.00,0.04,0.02,0.02,0.00,10.91,0.00,0.06,0.06,0.00,0.00,0.00,0.00,0.24,0.00,0.08,0.10,0.02,0.02,0.00,0.00,0.00,0.00,0.00,0.02,0.06,0.00,0.06,0.00,0.06,0.00,0.04,0.04,0.00,0.28,0.16,0.00,0.12,0.00,0.00,0.00,0.04,0.00,0.08,0.00,0.08,0.00,0.14,0.08,0.00,0.02,0.00,0.00,11.29,0.02,11.03,1.82,0.20,0.04,64.23,1.70,2.12,1.98,1.84,1.90,2.08,2.14,2.26,2.56,3.92,41.75
158.txt,1,5457,89.63,49.56,1.00,26.38,389.79,0.04,17.56,7.57,4.95,4.89,2.49,0.00,2.38,0.02,0.00,0.05,2.25,0.13,0.13,0.00,0.07,0.07,0.15,0.02,0.02,0.00,11.93,0.02,0.04,0.04,0.00,0.00,0.00,0.00,0.16,0.00,0.04,0.02,0.05,0.11,0.00,0.02,0.07,0.07,0.00,0.09,0.04,0.00,0.04,0.00,0.05,0.02,0.04,0.02,0.00,0.16,0.04,0.00,0.13,0.00,0.00,0.02,0.15,0.00,0.13,0.04,0.09,0.00,0.16,0.13,0.02,0.00,0.00,0.02,11.93,0.00,11.84,2.22,0.11,0.00,63.42,1.65,1.80,2.16,2.27,2.42,2.05,1.92,1.89,2.47,3.96,40.83
161.txt,1,3604,92.84,50.00,1.00,25.77,3604.00,58.57,1.94,0.00,0.00,0.00,0.00,0.00,0.00,0.00,0.00,0.00,0.00,0.00,0.00,0.00,0.00,0.00,0.00,0.00,0.00,0.00,0.00,0.00,0.00,0.00,0.00,0.00,0.00,0.00,0.00,0.00,0.00,0.00,0.00,0.00,0.00,0.00,0.00,0.00,0.00,0.00,0.00,0.00,0.00,0.00,0.00,0.00,0.00,0.00,0.00,0.00,0.00,0.00,0.00,0.00,0.00,0.00,0.00,0.00,0.00,0.00,0.00,0.00,0.00,0.00,0.00,0.00,0.00,0.00,1.94,0.00,1.94,0.00,0.00,0.00,46.14,0.00,0.00,0.00,0.00,0.00,0.00,40.62,0.00,0.00,5.52,0.00
165.txt,1,806,92.84,50.00,1.00,25.77,806.00,70.35,0.00,0.00,0.00,0.00,0.00,0.00,0.00,0.00,0.00,0.00,0.00,0.00,0.00,0.00,0.00,0.00,0.00,0.00,0.00,0.00,0.00,0.00,0.00,0.00,0.00,0.00,0.00,0.00,0.00,0.00,0.00,0.00,0.00,0.00,0.00,0.00,0.00,0.00,0.00,0.00,0.00,0.00,0.00,0.00,0.00,0.00,0.00,0.00,0.00,0.00,0.00,0.00,0.00,0.00,0.00,0.00,0.00,0.00,0.00,0.00,0.00,0.00,0.00,0.00,0.00,0.00,0.00,0.00,0.00,0.00,0.00,0.00,0.00,0.00,49.01,0.00,0.00,0.00,0.00,0.00,0.00,29.65,0.00,0.00,19.35,0.00
167.txt,1,2061,92.84,50.00,1.00,25.77,2061.00,69.53,4.32,0.00,0.00,0.00,0.00,0.00,0.00,0.00,0.00,0.00,0.00,0.00,0.00,0.00,0.00,0.00,0.00,0.00,0.00,0.00,0.00,0.00,0.00,0.00,0.00,0.00,0.00,0.00,0.00,0.00,0.00,0.00,0.00,0.00,0.00,0.00,0.00,0.00,0.00,0.00,0.00,0.00,0.00,0.00,0.00,0.00,0.00,0.00,0.00,0.00,0.00,0.00,0.00,0.00,0.00,0.00,0.00,0.00,0.00,0.00,0.00,0.00,0.00,0.00,0.00,0.00,0.00,0.00,4.32,0.00,4.32,0.00,0.00,0.00,45.37,0.00,0.00,0.00,0.00,0.00,0.00,30.13,0.00,0.00,15.24,0.00
17.txt,1,13208,94.42,40.13,21.86,54.13,23.67,33.61,70.31,40.11,3.52,0.77,0.03,0.14,0.02,0.11,0.48,2.75,8.06,14.02,5.97,3.88,5.73,1.17,7.93,6.66,3.11,1.20,5.81,5.15,3.00,2.25,0.74,0.06,0.05,0.16,2.50,0.00,0.02,0.07,0.07,18.21,4.29,4.29,1.60,3.41,3.18,3.94,1.22,0.83,0.11,0.15,0.41,0.12,0.28,0.00,0.01,5.03,0.55,1.17,1.70,1.34,0.65,2.19,4.60,1.14,9.77,1.11,6.52,2.93,2.20,0.08,0.04,0.39,0.00,0.02,0.21,0.00,0.12,0.06,0.05,0.00,20.53,4.89,8.27,0.26,0.49,0.12,0.00,1.01,0.39,0.20,3.87,1.01
19.txt,1,13686,98.40,43.93,43.51,65.77,26.89,27.12,68.60,40.25,3.97,1.24,0.55,0.04,0.11,0.00,0.54,2.73,9.99,15.65,4.77,1.85,4.52,0.77,6.40,6.65,3.13,0.72,7.10,2.07,3.54,2.82,0.71,0.04,0.06,0.39,1.77,0.02,0.00,0.08,0.00,12.06,4.05,2.96,0.62,1.60,2.15,2.13,0.81,0.56,0.03,0.17,0.26,0.01,0.09,0.00,0.15,4.65,0.56,0.80,2.21,1.22,0.31,2.47,4.16,0.87,13.91,0.74,10.02,2.79,1.60,0.09,0.06,0.26,0.00,0.00,0.77,0.00,0.71,0.07,0.05,0.00,14.99,4.05,5.71,0.45,0.27,0.01,0.00,1.01,0.04,0.15,2.73,0.56
20.txt,1,4512,96.10,49.20,23.62,70.79,22.34,28.24,69.99,38.21,4.45,1.51,0.00,0.53,0.11,0.00,0.86,2.95,8.18,13.72,5.47,2.08,4.79,0.91,10.24,6.25,3.61,0.80,7.60,2.68,4.96,3.68,1.29,0.09,0.07,0.20,3.88,0.00,0.02,0.00,0.00,13.98,4.21,3.99,1.15,2.15,0.44,3.81,0.86,0.75,0.00,0.04,1.31,0.07,1.24,0.00,0.00,7.65,1.17,1.68,4.50,0.71,0.29,4.52,3.37,0.58,9.82,0.80,5.45,3.17,3.44,0.02,0.00,0.51,0.00,0.00,0.31,0.00,0.27,0.02,0.02,0.00,19.22,4.96,6.03,0.11,0.44,0.07,0.00,1.02,0.04,0.04,4.61,1.88
22.txt,1,7662,96.03,54.92,22.72,28.16,25.29,30.36,70.69,39.52,4.78,1.23,0.00,0.69,0.00,0.01,0.52,3.55,8.24,14.43,5.29,2.34,5.63,0.57,8.57,5.35,3.77,1.06,6.55,2.38,4.06,2.04,1.89,1.54,0.03,0.10,5.02,0.04,0.03,0.40,0.01,13.99,3.22,4.03,1.04,2.92,0.99,3.90,2.15,1.14,0.26,0.31,0.44,0.23,0.13,0.03,0.05,7.82,1.47,2.01,2.00,1.07,2.53,3.24,4.32,0.64,10.44,0.86,6.66,3.07,3.62,0.16,0.17,0.27,0.00,0.00,0.47,0.00,0.38,0.26,0.05,0.00,21.08,4.70,7.61,0.21,0.51,0.03,0.00,1.12,0.18,0.17,5.59,0.97
24.txt,1,7729,96.95,60.02,10.25,23.93,24.54,31.19,61.39,37.84,4.90,1.75,0.00,0.85,0.03,0.06,0.80,3.16,8.64,13.83,4.22,1.88,5.08,0.65,6.78,3.74,2.74,0.88,6.81,1.95,1.13,0.50,0.62,0.04,0.03,0.16,5.21,0.01,0.08,0.44,0.06,12.21,4.18,3.14,0.84,1.50,1.24,2.60,1.29,0.92,0.08,0.10,0.56,0.08,0.36,0.00,0.12,4.76,1.59,0.89,1.62,0.44,0.53,3.87,3.18,0.23,7.52,0.58,4.94,2.06,2.60,0.13,0.03,0.18,0.03,0.00,0.61,0.31,0.41,0.18,0.01,0.00,23.42,6.24,7.83,0.06,0.52,0.01,0.00,0.92,0.97,0.27,5.81,0.79
25.txt,1,5539,96.90,50.22,49.38,33.24,24.29,30.20,72.59,41.61,4.17,0.85,0.02,0.43,0.00,0.02,0.38,3.32,9.48,15.06,5.71,3.72,4.41,0.88,9.48,3.70,2.37,0.87,6.86,2.13,1.17,0.79,0.36,0.16,0.14,0.00,2.76,0.00,0.00,0.05,0.02,16.63,5.36,5.13,0.63,3.00,2.18,2.24,1.14,0.96,0.13,0.02,0.18,0.04,0.05,0.09,0.00,2.44,0.52,0.81,0.88,0.63,0.05,3.76,4.75,0.56,13.94,0.88,5.67,7.31,4.28,0.25,0.00,0.13,0.02,0.00,0.32,0.00,0.18,0.22,0.05,0.00,17.57,4.78,6.32,0.14,0.47,0.02,0.00,0.78,0.47,0.07,3.94,0.58
26.txt,1,10628,95.85,43.42,13.14,27.33,24.05,30.39,64.20,38.57,3.28,0.37,0.00,0.10,0.00,0.00,0.26,2.92,9.31,12.78,6.27,2.47,5.36,0.90,9.83,3.84,2.32,1.31,6.87,1.23,0.90,0.50,0.40,0.08,0.09,0.18,2.67,0.00,0.01,0.09,0.00,13.39,1.73,5.81,0.92,1.83,0.95,3.53,1.72,0.54,0.31,0.04,0.40,0.23,0.12,0.00,0.02,3.13,0.41,0.70,1.72,0.32,0.31,3.10,5.45,1.14,9.95,2.06,5.34,3.15,2.96,0.06,0.02,1.04,0.00,0.06,0.78,0.00,0.73,0.52,0.02,0.00,19.46,5.12,6.42,0.09,0.80,0.03,0.00,1.30,0.06,0.15,4.52,0.98
27.txt,1,14367,95.72,52.92,17.93,19.82,17.83,33.31,57.14,32.02,3.02,0.62,0.16,0.31,0.01,0.00,0.14,2.40,6.84,11.58,4.33,1.82,5.03,0.60,6.47,4.89,2.85,0.72,10.04,1.14,1.91,0.73,1.13,0.01,0.10,0.32,3.19,0.06,0.05,0.13,0.04,12.79,4.77,5.21,0.34,1.32,1.21,2.01,2.19,0.79,0.10,0.13,0.17,0.02,0.05,0.01,0.08,4.68,1.17,0.62,2.64,0.41,0.21,2.02,3.95,0.47,8.89,0.94,6.29,1.88,2.96,0.18,0.08,0.29,0.03,0.03,0.81,0.01,0.40,0.31,0.03,0.00,28.25,6.50,11.95,0.36,0.54,0.05,0.00,1.80,0.04,0.18,5.83,0.99
28.txt,1,4635,98.30,54.39,27.85,32.43,24.02,33.42,63.88,36.53,3.09,0.73,0.00,0.45,0.00,0.00,0.28,2.35,10.38,13.03,4.88,1.45,3.91,0.71,6.32,3.39,2.07,0.54,7.57,1.29,2.33,0.82,0.43,0.02,0.06,0.28,3.93,0.00,0.00,0.17,0.00,13.12,5.74,4.27,0.86,1.92,0.67,2.57,3.67,3.37,0.15,0.09,0.15,0.04,0.02,0.06,0.02,3.32,0.76,0.88,1.88,0.26,0.11,3.00,3.04,0.69,10.03,0.99,6.13,3.28,3.15,0.15,0.00,0.11,0.00,0.00,0.22,0.00,0.22,0.09,0.00,0.00,22.55,6.00,8.16,0.13,1.10,0.00,0.00,1.01,0.17,0.17,4.75,1.06
29.txt,1,5977,93.20,46.59,46.30,30.88,27.93,29.95,71.93,40.71,5.79,1.46,0.03,0.85,0.00,0.00,0.57,4.33,6.83,14.76,5.96,3.70,4.95,0.80,8.93,4.75,3.43,1.25,5.45,4.08,1.54,0.92,0.62,0.05,0.12,0.25,2.99,0.00,0.02,0.00,0.00,14.86,3.66,2.98,1.04,3.33,1.31,3.85,3.41,2.98,0.08,0.08,1.02,0.12,0.55,0.02,0.35,3.41,1.27,0.59,1.39,0.25,0.18,3.43,3.95,0.77,13.94,0.64,8.73,4.45,4.07,0.37,0.02,0.12,0.08,0.00,0.35,0.02,0.27,0.05,0.03,0.00,22.34,4.99,7.60,0.30,0.69,0.12,0.00,2.18,0.37,0.02,5.04,1.05
32.txt,1,13081,94.96,35.05,27.00,30.28,22.75,24.85,77.82,47.09,5.01,0.63,0.06,0.01,0.07,0.00,0.50,4.37,10.50,15.47,7.50,3.80,5.75,1.44,9.95,5.02,3.44,1.61,7.33,2.16,1.96,1.11,0.84,0.03,0.03,0.67,2.01,0.00,0.00,0.00,0.01,18.21,3.39,7.34,1.05,3.43,0.74,4.42,1.27,0.76,0.02,0.38,0.58,0.05,0.24,0.00,0.30,4.02,0.31,0.37,3.00,0.26,0.24,3.26,5.91,1.35,10.50,0.70,6.61,3.16,2.09,0.12,0.04,0.69,0.00,0.00,2.10,0.00,2.04,0.01,0.06,0.00,14.84,4.58,5.72,0.21,0.43,0.02,0.00,0.22,0.03,0.09,3.25,0.29
33.txt,1,14322,98.34,58.53,47.32,27.74,30.22,29.54,68.91,38.85,3.79,0.55,0.03,0.29,0.02,0.00,0.20,3.24,9.62,15.22,4.69,1.97,4.32,0.52,7.18,3.99,2.23,0.61,7.44,3.52,1.39,0.75,0.63,0.03,0.08,0.42,4.53,0.00,0.00,0.20,0.03,13.13,5.06,3.25,0.62,2.82,0.97,2.14,1.49,1.03,0.07,0.25,0.15,0.04,0.07,0.00,0.03,5.31,2.36,0.85,2.02,0.34,0.26,2.74,3.41,0.68,13.99,0.87,7.32,4.87,2.21,0.14,0.03,0.20,0.01,0.00,0.08,0.00,0.05,0.01,0.02,0.00,19.80,4.46,6.95,0.22,1.05,0.03,0.00,0.87,0.48,0.15,4.64,0.94
36.txt,1,13042,97.63,52.12,18.42,25.65,26.14,31.51,68.36,42.09,4.71,1.00,0.00,0.44,0.00,0.00,0.56,3.70,10.72,15.07,5.17,2.58,5.15,0.84,8.74,4.06,2.79,1.13,6.67,2.07,1.66,0.80,0.81,0.06,0.12,0.18,3.89,0.00,0.01,0.03,0.00,13.82,4.51,2.56,1.10,2.37,1.33,2.96,1.55,1.04,0.18,0.12,0.10,0.04,0.02,0.00,0.05,3.90,1.25,0.94,1.09,0.53,0.67,3.99,3.29,0.38,9.24,0.79,5.57,2.89,4.82,0.18,0.02,0.26,0.02,0.00,0.26,0.01,0.08,0.12,0.05,0.00,18.52,4.82,7.61,0.07,0.40,0.05,0.00,0.96,0.12,0.17,3.79,0.54
37.txt,1,7797,95.39,41.73,39.75,31.00,23.21,26.38,66.22,38.49,4.08,0.82,0.00,0.51,0.00,0.03,0.28,3.26,8.81,12.81,5.64,2.50,5.00,1.30,7.77,5.16,3.94,1.14,7.28,1.91,2.10,1.21,0.90,0.04,0.27,0.15,2.55,0.01,0.03,0.31,0.03,13.63,4.60,2.72,0.80,2.55,0.87,3.86,2.05,1.77,0.10,0.06,0.15,0.08,0.06,0.00,0.01,4.10,0.82,1.03,1.91,0.83,0.21,3.83,3.62,0.63,11.80,0.99,6.84,4.07,3.36,0.17,0.04,0.18,0.00,0.00,0.24,0.00,0.18,0.21,0.03,0.00,20.10,4.81,6.71,0.17,0.64,0.09,0.00,2.32,0.13,0.22,4.03,0.99
39.txt,1,14478,97.41,47.32,22.60,40.01,22.48,28.11,70.04,38.89,4.05,1.60,0.41,0.03,0.08,0.02,1.06,2.45,10.69,12.98,4.58,2.74,4.79,0.68,8.59,5.01,3.00,0.95,5.44,2.49,3.87,2.33,1.54,0.97,0.03,0.32,3.43,0.01,0.01,0.03,0.01,13.10,3.56,2.94,0.85,2.74,1.30,3.13,2.18,1.70,0.03,0.70,0.77,0.08,0.61,0.01,0.10,5.28,0.58,1.46,1.33,1.70,1.43,2.73,4.70,1.02,10.26,1.46,5.65,3.13,3.22,1.08,0.06,0.77,0.22,0.02,0.45,0.00,0.29,0.07,0.12,0.00,19.21,5.13,6.41,0.10,0.55,0.01,0.00,1.11,0.52,0.75,3.96,0.67
43.txt,1,14001,91.42,62.53,27.31,7.87,24.14,26.98,76.77,42.20,8.13,3.50,0.42,1.12,0.11,0.30,1.55,4.63,8.06,13.41,5.26,2.56,5.45,1.42,9.60,5.04,3.41,1.30,6.64,1.91,8.62,3.47,5.00,0.65,2.98,1.09,8.21,0.01,0.12,0.13,0.34,17.23,5.86,3.54,1.41,2.36,1.31,4.35,1.77,0.89,0.21,0.29,0.42,0.14,0.12,0.08,0.08,10.23,2.08,1.09,6.40,0.76,0.80,3.65,4.16,1.11,8.46,1.11,5.24,2.12,3.04,0.74,0.06,0.21,0.96,0.04,0.35,0.06,0.20,0.09,0.03,0.00,26.30,4.72,8.84,0.45,0.21,0.13,0.00,1.66,0.98,0.72,5.83,2.76
44.txt,1,13288,92.77,56.13,33.51,27.40,19.77,32.20,76.39,40.08,5.97,2.04,0.01,0.89,0.07,0.00,1.08,3.93,7.64,13.33,5.73,2.81,5.62,0.89,8.56,5.98,3.80,0.94,4.46,2.49,3.26,1.66,1.56,0.70,0.14,0.27,5.76,0.02,0.02,0.20,0.08,18.85,4.81,3.39,1.05,3.38,3.52,4.28,2.86,2.40,0.05,0.35,1.07,0.48,0.29,0.01,0.33,6.22,2.05,0.78,2.65,0.65,0.56,3.63,4.15,0.81,10.40,0.83,7.71,1.78,3.73,0.33,0.03,0.28,0.05,0.01,0.22,0.00,0.16,0.04,0.03,0.00,17.80,5.43,6.53,0.09,0.27,0.05,0.00,1.20,0.44,0.16,2.83,0.81
46.txt,1,13171,96.16,54.42,47.68,38.46,27.44,30.09,71.49,37.78,4.02,1.06,0.08,0.49,0.02,0.01,0.46,2.96,6.07,15.87,4.71,3.04,5.27,0.60,6.97,7.93,4.55,0.63,7.43,2.84,2.90,1.81,1.09,0.18,0.03,0.17,5.10,0.09,0.02,0.18,0.20,13.80,4.41,2.44,0.93,1.78,1.48,3.83,0.92,0.71,0.08,0.11,0.10,0.05,0.05,0.00,0.00,8.00,1.15,1.22,4.39,1.05,0.76,2.75,3.93,0.56,13.27,0.69,7.07,5.52,3.37,0.11,0.08,0.11,0.00,0.00,0.40,0.00,0.14,0.13,0.14,0.00,21.22,4.53,7.10,0.11,0.96,0.10,0.00,2.61,0.43,0.49,4.00,0.89
48.txt,1,16535,95.40,80.74,20.20,37.43,27.11,33.12,74.79,38.57,6.01,2.32,0.10,0.67,0.30,0.18,1.08,3.69,7.21,14.67,4.05,2.53,5.31,0.85,7.35,4.54,3.20,1.16,5.72,1.61,4.61,2.61,1.95,1.06,0.31,0.24,11.98,1.89,0.80,1.16,0.24,13.29,4.30,3.14,0.92,2.07,1.37,3.31,1.23,0.74,0.07,0.31,0.56,0.06,0.34,0.04,0.09,10.74,4.67,1.03,3.14,1.28,1.26,3.53,3.72,0.48,9.39,1.29,5.29,2.80,3.94,0.25,0.05,0.22,0.07,0.93,0.27,0.01,0.13,0.05,0.08,0.00,22.64,5.12,8.04,0.16,0.77,0.09,0.00,1.46,0.45,0.76,4.84,0.95
49.txt,1,10970,94.88,55.32,35.15,51.16,22.57,32.26,74.00,39.70,4.78,1.38,0.04,0.47,0.25,0.04,0.58,3.39,7.68,14.36,5.92,2.22,6.18,0.57,9.18,6.31,4.13,0.82,4.41,2.13,3.18,2.22,0.87,0.14,0.15,0.17,4.89,0.01,0.01,0.10,0.08,15.49,4.14,4.79,1.75,3.04,0.98,3.66,1.20,0.66,0.08,0.28,0.77,0.24,0.18,0.00,0.35,6.83,0.77,3.31,2.08,2.19,0.74,3.88,3.49,1.31,12.67,4.17,4.86,3.79,5.06,0.39,0.04,0.17,0.06,0.00,0.13,0.00,0.06,0.01,0.05,0.00,20.97,5.54,7.15,0.54,0.36,0.09,0.01,0.89,1.38,0.15,3.17,1.69
52.txt,1,14703,94.59,60.89,30.47,41.64,22.52,34.39,71.96,38.98,4.62,1.96,0.03,0.82,0.08,0.10,0.92,2.67,7.29,14.30,4.71,2.96,6.05,1.23,8.05,6.16,3.33,1.10,6.54,1.61,5.22,2.71,1.84,0.52,0.20,0.77,6.18,0.01,0.04,0.08,0.14,16.51,6.39,4.45,0.94,2.26,1.53,3.05,2.71,0.64,0.37,0.80,1.76,0.96,0.34,0.12,0.54,4.94,1.24,0.97,1.23,1.41,0.54,4.07,2.73,0.63,9.49,1.57,5.11,2.85,3.52,0.96,0.03,0.16,0.11,0.01,0.17,0.00,0.08,0.05,0.04,0.00,21.93,4.94,8.43,0.07,0.32,0.05,0.00,0.70,1.71,0.29,4.73,0.68
53.txt,1,9878,94.30,57.32,23.24,10.54,25.86,33.31,64.98,33.28,4.59,1.40,0.03,0.67,0.00,0.01,0.69,3.19,5.35,12.83,4.63,1.76,4.43,1.11,6.77,5.91,2.63,0.82,6.24,1.81,3.68,1.24,2.44,0.16,0.91,1.16,5.58,0.00,0.03,0.25,0.03,14.32,3.58,5.64,0.88,1.45,1.09,3.26,2.01,1.75,0.09,0.05,0.69,0.52,0.08,0.04,0.05,9.50,1.62,1.54,5.61,0.74,0.37,3.29,3.14,0.65,10.63,0.94,7.91,1.84,4.32,0.10,0.01,0.33,0.04,0.00,0.18,0.00,0.08,0.04,0.06,0.00,26.06,5.21,7.67,0.25,0.62,0.01,0.00,4.24,0.22,0.29,5.78,1.75
55.txt,1,11594,94.85,51.31,41.66,47.63,24.15,37.86,69.90,37.53,5.42,1.50,0.04,0.34,0.01,0.38,0.73,3.92,7.75,12.97,5.36,1.91,4.49,1.19,9.89,4.07,2.69,0.88,5.36,1.56,3.50,2.29,1.11,0.28,0.09,0.39,5.03,0.01,0.03,0.24,0.22,15.69,4.30,5.41,1.04,1.73,1.18,3.81,1.35,0.56,0.49,0.15,0.69,0.41,0.22,0.03,0.09,4.81,0.69,1.27,1.60,1.16,0.41,4.99,3.83,1.13,12.99,3.36,6.45,2.64,3.52,0.24,0.09,0.10,0.02,0.05,0.24,0.00,0.16,0.03,0.07,0.00,21.81,4.78,7.62,0.08,0.53,0.03,0.00,3.00,0.35,0.22,4.24,0.97
56.txt,1,11345,95.72,75.67,13.32,10.75,16.54,30.82,72.34,39.69,7.04,2.65,0.06,1.18,0.04,0.04,1.34,4.39,8.98,13.51,5.02,2.43,3.97,0.42,8.29,4.84,2.67,1.22,7.79,1.44,7.29,2.22,3.40,0.31,1.49,1.38,8.43,0.00,0.00,0.04,0.04,13.63,4.78,4.78,1.18,1.98,0.76,2.20,1.15,0.64,0.04,0.13,0.11,0.05,0.03,0.00,0.03,8.15,2.41,1.61,3.00,0.53,0.94,3.01,3.56,0.93,8.51,0.92,5.76,1.82,1.82,0.32,0.01,2.43,0.00,0.00,0.63,0.00,0.57,0.16,0.02,0.00,28.54,7.25,7.92,0.51,0.50,0.07,0.00,0.95,0.19,0.99,5.78,4.37
58.txt,1,17788,88.67,81.28,16.55,4.87,27.79,34.04,75.80,40.04,8.45,3.51,0.29,0.85,0.10,0.67,1.60,4.93,5.99,13.47,4.72,3.04,5.91,0.91,8.51,4.24,2.43,1.30,5.66,1.41,8.24,3.05,5.07,4.00,0.26,0.61,12.10,0.01,1.88,0.38,0.43,15.86,5.59,3.20,0.88,3.37,1.42,2.97,2.11,0.68,0.10,0.57,1.47,0.01,0.13,0.01,1.32,10.77,3.99,0.52,4.35,0.62,1.64,2.88,4.74,1.34,7.88,1.09,4.43,2.30,2.05,1.26,0.05,0.12,0.16,0.00,0.40,0.00,0.21,0.16,0.02,0.00,21.50,4.13,7.29,0.10,0.87,0.04,0.00,1.39,0.91,1.42,4.44,0.93
59.txt,1,18408,92.87,83.80,21.95,69.49,24.48,36.04,74.45,40.10,7.35,3.05,0.30,0.91,0.14,0.44,1.27,4.30,6.54,14.40,5.33,2.41,5.04,0.78,9.14,3.57,2.13,1.27,4.21,1.68,4.13,3.12,0.80,0.26,0.10,0.25,12.38,0.15,3.08,0.30,0.28,16.16,6.55,3.40,1.36,2.98,1.40,2.48,3.40,0.53,0.05,0.43,0.40,0.06,0.07,0.06,0.18,9.96,6.39,1.18,1.44,1.22,0.49,3.29,4.81,1.45,8.83,0.91,5.47,2.46,3.48,0.39,0.04,0.16,0.06,0.01,0.42,0.00,0.27,0.09,0.07,0.00,21.76,4.66,6.71,0.10,0.58,0.06,0.00,1.54,0.99,2.13,4.23,0.75
61.txt,1,6534,93.47,61.45,44.01,32.61,23.59,34.02,77.09,39.93,5.79,1.87,0.06,0.81,0.11,0.06,0.83,3.92,7.51,13.67,5.00,2.72,5.74,1.24,7.27,6.86,3.47,0.72,5.42,2.13,6.61,2.72,2.33,0.26,0.20,1.01,6.08,0.14,0.08,0.06,0.24,12.23,3.67,3.46,0.93,1.52,1.30,2.79,3.40,0.99,0.05,0.29,0.95,0.14,0.75,0.03,0.06,6.00,1.48,1.52,1.91,1.29,0.14,3.15,3.60,0.80,14.57,1.53,7.16,6.14,2.92,0.23,0.05,0.17,0.02,0.05,0.31,0.00,0.20,0.05,0.06,0.00,20.52,4.30,8.78,0.47,0.49,0.15,0.00,1.56,0.46,0.32,3.40,0.58
63.txt,1,9980,96.56,56.57,11.64,23.12,20.75,28.64,69.19,37.26,4.99,1.09,0.20,0.02,0.01,0.15,0.71,3.90,8.22,13.60,4.60,1.86,4.46,0.86,7.10,5.43,2.87,0.96,6.09,2.20,2.69,1.25,1.42,0.39,0.32,0.22,5.66,0.01,0.07,0.24,0.15,12.52,3.15,2.98,0.91,3.26,1.31,2.96,3.78,2.25,1.13,0.23,0.49,0.37,0.07,0.01,0.05,6.42,1.17,1.83,2.05,0.52,1.03,2.80,4.06,0.83,8.60,1.01,5.41,2.33,5.51,0.75,0.10,0.27,0.02,0.01,0.27,0.02,0.21,0.04,0.02,0.00,22.69,5.62,6.84,0.21,0.56,0.05,0.00,1.64,0.16,0.53,4.97,2.09
64.txt,1,17380,95.61,58.42,36.17,27.21,26.74,32.01,68.27,39.56,5.47,2.07,0.09,1.06,0.02,0.18,0.71,3.41,8.10,14.23,4.86,2.16,5.74,0.66,7.96,5.55,3.89,0.98,5.98,1.69,1.95,0.97,0.89,0.08,0.29,0.41,5.66,0.00,0.02,0.14,0.12,14.34,4.55,4.38,1.06,2.16,0.62,3.86,1.28,0.85,0.03,0.12,0.54,0.11,0.34,0.00,0.18,5.17,1.55,0.85,2.27,0.68,0.21,3.86,3.04,0.90,11.62,0.73,8.30,2.52,2.55,0.54,0.04,0.19,0.05,0.01,0.14,0.01,0.06,0.03,0.05,0.00,22.49,5.07,8.67,0.33,0.62,0.06,0.00,0.93,0.33,0.16,5.51,0.81
65.txt,1,15535,91.28,74.31,19.45,17.37,21.14,32.77,73.93,38.54,6.60,3.00,0.17,1.12,0.17,0.11,1.42,3.60,6.20,13.53,5.23,2.80,5.59,0.98,9.08,6.36,4.31,1.31,7.75,2.45,7.74,3.08,3.66,0.21,2.52,0.24,9.58,0.03,0.04,0.36,0.42,15.04,5.63,2.20,1.31,3.04,1.38,3.19,1.56,0.86,0.06,0.29,0.27,0.09,0.10,0.01,0.08,7.61,2.50,1.90,2.24,0.78,0.44,4.07,3.47,1.45,8.25,0.81,5.30,2.08,3.36,0.16,0.03,0.13,0.14,0.08,0.37,0.01,0.23,0.08,0.06,0.00,23.13,5.19,8.24,0.41,0.74,0.23,0.01,0.86,0.62,0.56,5.32,0.97
68.txt,1,13207,80.46,62.34,19.15,25.29,27.23,28.14,78.47,45.29,9.37,3.16,0.05,0.76,0.05,0.53,1.78,6.22,7.87,11.65,6.91,3.33,6.24,2.14,12.49,3.77,2.92,1.91,5.63,1.77,2.71,1.33,1.36,0.27,0.23,0.49,8.50,0.04,0.01,0.36,0.30,16.98,4.56,4.05,1.45,4.14,1.17,3.96,1.48,0.45,0.05,0.35,0.87,0.60,0.18,0.00,0.11,5.51,1.33,0.81,2.04,1.18,0.67,5.16,5.17,2.05,9.18,2.33,3.94,3.32,2.97,0.23,0.02,0.37,0.42,0.05,0.31,0.01,0.20,0.10,0.02,0.00,18.05,3.99,6.79,0.16,0.39,0.16,0.01,0.64,0.92,0.73,3.76,0.52
69.txt,1,12444,92.20,67.27,20.24,70.81,27.96,31.82,73.89,37.81,5.45,1.27,0.03,0.67,0.00,0.13,0.44,4.18,6.14,13.24,5.54,2.48,5.60,0.93,8.33,4.85,3.26,1.07,5.96,2.66,6.69,3.96,1.57,0.59,0.34,0.43,8.41,0.02,0.06,0.47,0.35,14.89,5.07,2.33,0.87,3.38,1.38,3.63,1.84,1.04,0.09,0.13,1.97,0.45,0.11,0.01,1.41,7.24,1.69,3.09,2.35,0.47,0.26,3.28,4.28,1.01,8.26,0.66,5.75,1.91,3.18,1.60,0.05,0.12,0.03,0.00,0.17,0.00,0.05,0.02,0.10,0.00,25.30,4.40,9.06,0.18,0.78,0.06,0.00,1.66,0.56,0.35,6.28,1.97
71.txt,1,15281,96.16,54.06,17.27,18.97,24.53,30.55,70.06,40.10,4.44,0.98,0.07,0.35,0.10,0.05,0.41,3.46,9.68,13.23,5.84,2.89,4.44,0.99,9.73,4.64,3.03,0.84,8.54,3.23,3.61,1.56,2.02,0.34,0.33,0.56,4.69,0.00,0.01,0.09,0.09,14.25,4.46,3.18,1.61,2.37,1.51,3.08,0.87,0.73,0.02,0.07,0.40,0.06,0.29,0.01,0.07,7.24,1.54,1.82,2.21,1.03,1.33,3.94,4.81,0.76,9.40,0.96,6.18,2.30,3.42,0.33,0.01,0.53,0.09,0.02,0.33,0.00,0.22,0.10,0.01,0.00,22.92,4.24,7.25,0.32,1.08,0.09,0.01,1.41,0.86,0.16,5.57,1.94
72.txt,1,14554,95.62,65.09,27.42,86.93,25.27,34.06,74.04,37.50,3.69,1.09,0.02,0.38,0.01,0.00,0.67,2.60,7.53,14.20,5.00,3.38,5.44,0.76,8.23,6.20,3.35,1.07,6.65,1.92,10.00,6.73,3.18,0.04,1.94,0.67,7.71,0.03,0.03,0.00,0.00,14.39,5.14,4.02,1.39,2.08,0.89,3.45,0.98,0.58,0.10,0.05,0.76,0.03,0.52,0.01,0.21,9.33,2.41,1.57,5.17,0.40,0.16,3.59,3.29,0.87,10.18,1.10,5.85,3.31,3.06,0.19,0.10,0.16,0.10,0.00,0.40,0.00,0.34,0.01,0.05,0.00,21.60,5.05,8.09,0.23,0.65,0.03,0.00,0.75,0.14,0.45,5.48,0.74
73.txt,1,9550,90.64,68.86,15.63,63.29,26.75,34.28,72.72,41.64,8.09,3.63,0.00,0.85,0.07,0.16,2.55,4.46,7.07,13.73,5.71,2.73,5.58,0.70,8.52,6.04,4.46,1.28,5.02,4.43,3.77,2.79,0.81,0.23,0.27,0.08,9.03,0.00,0.09,0.08,0.08,12.95,2.96,1.70,1.40,2.87,1.24,4.32,1.83,0.71,0.37,0.29,1.78,0.04,1.13,0.00,0.61,7.13,3.33,1.03,1.97,0.85,0.26,3.45,3.91,0.76,9.21,0.70,6.96,1.43,3.43,0.82,0.22,0.22,0.01,0.03,0.25,0.00,0.05,0.08,0.12,0.00,19.64,4.88,6.54,0.17,0.48,0.05,0.00,0.99,0.44,0.58,4.72,0.79
77.txt,1,6322,95.79,60.55,35.14,50.57,29.40,32.54,79.61,41.54,6.99,2.44,0.27,0.09,0.00,0.22,1.85,4.56,9.17,14.36,3.91,2.64,5.95,0.35,6.82,4.40,2.66,1.82,3.91,2.63,3.07,2.07,0.74,0.17,0.02,0.41,7.02,0.00,0.24,0.13,0.11,13.89,4.02,3.08,0.96,2.44,2.01,3.83,1.06,0.32,0.03,0.17,1.20,0.09,0.47,0.03,0.70,11.83,0.81,7.56,3.12,4.63,0.51,1.98,5.09,0.78,11.78,2.45,5.30,3.99,9.54,0.68,0.05,0.54,0.11,0.02,0.05,0.00,0.03,0.02,0.00,0.00,18.08,4.18,7.48,0.13,1.11,0.09,0.00,0.05,0.32,0.46,2.85,1.42
80.txt,1,12776,94.84,74.24,23.61,49.83,27.01,31.21,70.00,39.43,7.08,3.12,0.32,1.26,0.12,0.06,1.36,3.96,7.74,14.06,4.70,2.42,4.56,0.71,8.59,4.12,2.72,1.39,6.29,2.32,3.37,2.28,0.99,0.13,0.24,0.31,9.02,0.02,0.11,0.28,0.06,13.66,4.44,3.58,1.05,2.07,1.30,2.86,0.99,0.63,0.13,0.12,0.88,0.17,0.35,0.16,0.44,7.44,2.42,1.55,2.67,1.20,0.45,3.72,3.67,0.85,10.18,1.68,5.93,2.72,3.35,0.23,0.05,0.09,0.07,0.01,0.31,0.00,0.20,0.09,0.03,0.00,22.61,4.57,6.97,0.18,0.49,0.07,0.05,3.28,0.44,0.59,5.02,0.95
81.txt,1,13882,96.56,74.29,15.53,20.13,29.04,32.22,73.94,40.97,6.84,2.97,0.37,0.63,0.03,0.17,1.77,3.87,8.69,15.07,4.82,1.53,5.02,0.53,8.08,4.79,3.69,0.88,8.37,1.34,5.37,2.48,2.85,0.26,0.45,0.27,9.39,0.01,0.51,0.18,0.14,13.35,5.79,2.96,1.22,1.74,0.39,2.64,2.20,0.81,0.04,0.33,0.42,0.06,0.13,0.01,0.19,10.17,4.20,1.48,4.31,0.61,0.22,3.98,3.23,0.64,7.50,1.19,4.61,1.97,3.89,0.32,0.01,0.19,0.71,0.01,0.30,0.00,0.24,0.01,0.05,0.00,22.10,4.29,8.64,0.32,0.49,0.00,0.00,0.71,0.20,1.09,6.03,0.32
82.txt,1,1209,92.25,71.59,11.56,76.27,22.39,34.08,73.12,34.82,4.47,1.99,0.00,1.32,0.00,0.17,0.50,2.48,5.13,13.15,4.80,2.65,6.29,0.66,7.69,4.30,2.73,0.91,7.69,2.56,3.72,3.23,0.50,0.00,0.33,0.17,7.36,0.08,0.00,0.41,0.33,11.83,4.80,3.39,0.25,1.32,0.50,2.32,2.07,1.41,0.00,0.33,1.24,1.16,0.00,0.00,0.08,12.82,2.07,3.47,7.28,2.65,0.25,3.72,3.80,0.58,7.11,0.66,4.38,2.07,10.84,0.17,0.08,2.73,0.00,0.00,1.32,0.00,1.16,0.00,0.17,0.00,26.96,5.29,9.76,0.25,0.50,0.25,0.00,1.24,0.17,2.23,5.62,1.65
84.txt,1,11189,95.88,49.75,48.29,33.00,28.47,37.88,71.38,38.39,4.33,1.48,0.00,0.41,0.08,0.13,0.87,2.85,7.93,13.95,4.95,2.53,5.33,0.90,7.70,4.90,3.28,1.22,7.44,2.99,2.42,1.40,0.98,0.27,0.53,0.14,4.63,0.13,0.04,0.09,0.24,20.56,10.65,2.99,2.14,2.53,0.69,4.28,1.14,0.97,0.07,0.04,0.46,0.13,0.27,0.08,0.09,3.58,0.78,0.94,1.73,0.46,0.40,3.13,3.93,0.51,8.08,0.88,4.94,2.18,3.49,0.06,0.05,0.40,0.02,0.07,0.21,0.00,0.11,0.02,0.08,0.00,22.54,4.79,7.16,0.39,0.76,0.00,0.00,2.73,0.29,0.46,5.13,0.83
86.txt,1,16647,94.90,48.82,1.00,41.87,16647.00,13.07,20.54,4.75,0.00,0.00,0.00,0.00,0.00,0.00,0.00,0.00,2.70,0.90,0.04,0.00,0.00,1.15,3.06,1.60,0.00,0.00,44.00,1.98,1.66,1.27,0.38,0.00,0.00,0.17,0.85,0.00,0.00,0.00,0.00,3.35,0.47,0.45,0.00,0.90,1.53,0.00,0.00,0.00,0.00,0.00,0.44,0.00,0.00,0.00,0.44,2.95,0.41,0.66,0.90,1.18,0.22,1.36,0.93,0.00,4.26,0.87,3.10,0.29,0.86,0.44,0.00,0.00,0.00,0.00,4.88,0.00,4.88,0.00,0.00,0.00,70.96,0.00,4.73,8.32,6.50,0.00,0.00,12.86,0.00,0.00,2.94,35.60
87.txt,1,16438,95.08,47.44,1.00,35.44,16438.00,10.41,15.65,4.45,0.00,0.00,0.00,0.00,0.00,0.00,0.00,0.00,2.60,0.95,0.00,0.00,0.00,0.90,0.44,0.80,0.00,0.00,46.05,1.37,0.96,0.75,0.20,0.00,0.00,0.20,0.26,0.07,0.00,0.00,0.00,1.73,0.01,0.05,0.00,0.52,1.15,0.00,0.00,0.00,0.00,0.00,0.19,0.00,0.00,0.00,0.19,1.92,0.07,0.70,0.35,0.80,0.00,0.44,0.04,0.00,3.63,0.38,2.62,0.63,0.71,0.19,0.03,0.00,0.00,0.00,4.45,0.00,4.45,0.00,0.00,0.00,95.83,0.00,4.26,6.59,6.83,0.00,0.00,22.56,0.00,0.00,14.48,41.11
89.txt,1,22300,94.69,49.46,1.00,31.99,2027.27,10.32,15.51,3.78,0.00,0.00,0.00,0.00,0.00,0.00,0.00,0.00,1.68,1.34,0.12,0.00,0.00,0.76,3.10,1.15,0.14,0.00,55.04,1.82,0.99,0.68,0.31,0.00,0.00,0.13,0.65,0.00,0.00,0.00,0.00,2.49,0.50,0.50,0.00,0.63,0.83,0.03,0.00,0.00,0.00,0.00,0.45,0.00,0.16,0.00,0.30,1.98,0.36,0.57,0.72,0.70,0.18,1.00,1.37,0.00,3.50,1.08,2.12,0.30,0.92,0.30,0.02,0.00,0.00,0.00,2.41,0.00,2.41,0.00,0.00,0.00,64.87,0.04,3.01,9.69,3.15,0.00,0.00,20.37,0.00,0.00,2.82,25.78
93.txt,1,31350,94.66,47.08,1.00,37.86,10450.00,8.97,14.33,4.23,0.00,0.00,0.00,0.00,0.00,0.00,0.00,0.00,2.25,0.91,0.11,0.00,0.00,0.95,0.55,0.92,0.04,0.00,48.46,1.35,1.00,0.84,0.16,0.00,0.00,0.16,0.23,0.07,0.00,0.00,0.00,1.65,0.06,0.05,0.00,0.42,1.15,0.01,0.00,0.00,0.00,0.00,0.17,0.00,0.00,0.00,0.17,2.02,0.07,0.69,0.38,0.88,0.00,0.49,0.10,0.00,3.41,0.33,2.56,0.53,0.62,0.17,0.00,0.00,0.00,0.00,3.80,0.00,3.80,0.00,0.00,0.00,81.84,0.01,3.86,7.65,5.98,0.01,0.00,19.24,0.00,0.00,8.92,36.18
94.txt,1,20757,92.81,42.49,1.00,39.46,20757.00,9.81,13.44,4.33,0.00,0.00,0.00,0.00,0.00,0.00,0.00,0.00,1.48,0.66,0.16,0.00,0.00,2.02,0.48,1.32,0.30,0.00,53.04,1.50,1.34,1.06,0.29,0.00,0.00,0.29,0.13,0.00,0.00,0.00,0.00,1.71,0.11,0.06,0.00,0.26,1.33,0.00,0.00,0.00,0.00,0.00,0.13,0.00,0.00,0.00,0.13,2.82,0.00,1.12,0.62,1.08,0.00,0.32,0.19,0.00,2.52,0.19,2.07,0.27,1.25,0.13,0.00,0.00,0.00,0.00,2.31,0.00,2.31,0.00,0.00,0.00,75.84,0.00,3.99,8.96,5.18,0.00,0.00,15.62,0.00,0.00,6.53,35.56
97.txt,1,16480,92.80,50.70,1.00,37.70,16480.00,11.08,11.84,1.21,0.00,0.00,0.00,0.00,0.00,0.00,0.00,0.00,0.46,0.16,0.12,0.00,0.00,0.53,3.70,1.31,0.10,0.00,66.11,2.04,0.67,0.67,0.00,0.00,0.00,0.00,0.75,0.00,0.00,0.00,0.00,2.99,0.70,1.33,0.00,0.27,0.73,0.05,0.00,0.00,0.00,0.00,0.19,0.00,0.00,0.00,0.19,2.12,0.56,0.29,1.06,0.72,0.00,0.86,1.44,0.00,4.20,0.91,3.07,0.22,0.61,0.19,0.00,0.01,0.00,0.00,0.27,0.00,0.27,0.00,0.00,0.00,48.62,0.00,1.28,11.74,1.03,0.00,0.00,19.38,0.00,0.00,1.69,13.51